/*
 Navicat Premium Data Transfer

 Source Server         : 本地数据库
 Source Server Type    : MySQL
 Source Server Version : 80016
 Source Host           : localhost:3306
 Source Schema         : document

 Target Server Type    : MySQL
 Target Server Version : 80016
 File Encoding         : 65001

 Date: 29/05/2020 16:15:38
*/

SET NAMES utf8mb4;
SET FOREIGN_KEY_CHECKS = 0;

-- ----------------------------
-- Table structure for check_info
-- ----------------------------
DROP TABLE IF EXISTS `check_info`;
CREATE TABLE `check_info`  (
  `id` int(11) NOT NULL AUTO_INCREMENT,
  `create_datetime` timestamp(0) NOT NULL DEFAULT CURRENT_TIMESTAMP(0),
  `update_datetime` timestamp(0) NOT NULL DEFAULT CURRENT_TIMESTAMP(0) ON UPDATE CURRENT_TIMESTAMP(0),
  `all_legs` varchar(255) CHARACTER SET utf8 COLLATE utf8_general_ci NULL DEFAULT '正常' COMMENT '四肢',
  `arthrosis` varchar(255) CHARACTER SET utf8 COLLATE utf8_general_ci NULL DEFAULT '正常' COMMENT '关节',
  `assay_check` varchar(255) CHARACTER SET utf8 COLLATE utf8_general_ci NULL DEFAULT NULL,
  `birth` datetime(0) NULL DEFAULT NULL,
  `blood_pressure` int(11) NULL DEFAULT NULL,
  `check_result` varchar(255) CHARACTER SET utf8 COLLATE utf8_general_ci NULL DEFAULT NULL,
  `check_time` datetime(0) NULL DEFAULT NULL,
  `chest_check` varchar(255) CHARACTER SET utf8 COLLATE utf8_general_ci NULL DEFAULT NULL,
  `college` varchar(255) CHARACTER SET utf8 COLLATE utf8_general_ci NOT NULL,
  `color_or_code` varchar(255) CHARACTER SET utf8 COLLATE utf8_general_ci NULL DEFAULT '无' COMMENT '彩色图案及编码',
  `correct_left_view` double NULL DEFAULT NULL,
  `correct_right_view` double NULL DEFAULT NULL,
  `culture_level` varchar(255) CHARACTER SET utf8 COLLATE utf8_general_ci NULL DEFAULT NULL,
  `ear_sick` varchar(255) CHARACTER SET utf8 COLLATE utf8_general_ci NULL DEFAULT '无' COMMENT '耳疾',
  `foot` varchar(255) CHARACTER SET utf8 COLLATE utf8_general_ci NULL DEFAULT '无' COMMENT '平足',
  `glandula_thyroidea` varchar(255) CHARACTER SET utf8 COLLATE utf8_general_ci NULL DEFAULT '无' COMMENT '甲状腺',
  `grade` varchar(255) CHARACTER SET utf8 COLLATE utf8_general_ci NOT NULL,
  `growth` varchar(255) CHARACTER SET utf8 COLLATE utf8_general_ci NULL DEFAULT '正常' COMMENT '发育营养',
  `heart` varchar(255) CHARACTER SET utf8 COLLATE utf8_general_ci NULL DEFAULT '正常' COMMENT '心脏及血管',
  `height` double NULL DEFAULT NULL,
  `history_check` varchar(255) CHARACTER SET utf8 COLLATE utf8_general_ci NULL DEFAULT '无' COMMENT '既往医史',
  `hypodontia` varchar(255) CHARACTER SET utf8 COLLATE utf8_general_ci NULL DEFAULT '无' COMMENT '缺齿',
  `left_audition` double NULL DEFAULT NULL,
  `left_view` double NULL DEFAULT NULL,
  `liver` varchar(255) CHARACTER SET utf8 COLLATE utf8_general_ci NULL DEFAULT '正常' COMMENT '肝',
  `lung` varchar(255) CHARACTER SET utf8 COLLATE utf8_general_ci NULL DEFAULT '正常' COMMENT '肺及呼吸道',
  `lymph` varchar(255) CHARACTER SET utf8 COLLATE utf8_general_ci NULL DEFAULT '无' COMMENT '淋巴',
  `major` varchar(255) CHARACTER SET utf8 COLLATE utf8_general_ci NOT NULL,
  `mind` varchar(255) CHARACTER SET utf8 COLLATE utf8_general_ci NULL DEFAULT '正常' COMMENT '神经及精神',
  `name` varchar(255) CHARACTER SET utf8 COLLATE utf8_general_ci NOT NULL,
  `nation` varchar(255) CHARACTER SET utf8 COLLATE utf8_general_ci NULL DEFAULT NULL,
  `native_place` varchar(255) CHARACTER SET utf8 COLLATE utf8_general_ci NULL DEFAULT NULL,
  `occupation` varchar(255) CHARACTER SET utf8 COLLATE utf8_general_ci NULL DEFAULT NULL,
  `other_check` varchar(255) CHARACTER SET utf8 COLLATE utf8_general_ci NULL DEFAULT NULL,
  `other_eyes_sick` varchar(255) CHARACTER SET utf8 COLLATE utf8_general_ci NULL DEFAULT '无' COMMENT '其他眼疾',
  `other_internal_sick` varchar(255) CHARACTER SET utf8 COLLATE utf8_general_ci NULL DEFAULT '无' COMMENT '其他内科疾病',
  `other_sense_sick` varchar(255) CHARACTER SET utf8 COLLATE utf8_general_ci NULL DEFAULT '无' COMMENT '其他五官疾病',
  `other_surgery_sick` varchar(255) CHARACTER SET utf8 COLLATE utf8_general_ci NULL DEFAULT '无' COMMENT '其他外科疾病',
  `paranasal_sinus` varchar(255) CHARACTER SET utf8 COLLATE utf8_general_ci NULL DEFAULT '无' COMMENT '鼻窦',
  `photo` varchar(255) CHARACTER SET utf8 COLLATE utf8_general_ci NULL DEFAULT NULL,
  `present_address` varchar(255) CHARACTER SET utf8 COLLATE utf8_general_ci NULL DEFAULT NULL,
  `pulse` int(11) NULL DEFAULT NULL,
  `real_age` int(11) NULL DEFAULT NULL,
  `remark` varchar(255) CHARACTER SET utf8 COLLATE utf8_general_ci NULL DEFAULT NULL,
  `right_audition` double NULL DEFAULT NULL,
  `right_view` double NULL DEFAULT NULL,
  `sealer` varchar(255) CHARACTER SET utf8 COLLATE utf8_general_ci NULL DEFAULT NULL,
  `sex` varchar(255) CHARACTER SET utf8 COLLATE utf8_general_ci NULL DEFAULT NULL,
  `sign_for_assay` varchar(255) CHARACTER SET utf8 COLLATE utf8_general_ci NULL DEFAULT NULL,
  `sign_for_chest` varchar(255) CHARACTER SET utf8 COLLATE utf8_general_ci NULL DEFAULT NULL,
  `sign_for_ear` varchar(255) CHARACTER SET utf8 COLLATE utf8_general_ci NULL DEFAULT NULL,
  `sign_for_eyes` varchar(255) CHARACTER SET utf8 COLLATE utf8_general_ci NULL DEFAULT NULL,
  `sign_for_internal` varchar(255) CHARACTER SET utf8 COLLATE utf8_general_ci NULL DEFAULT NULL,
  `sign_for_mouth` varchar(255) CHARACTER SET utf8 COLLATE utf8_general_ci NULL DEFAULT NULL,
  `sign_for_result` varchar(255) CHARACTER SET utf8 COLLATE utf8_general_ci NULL DEFAULT NULL,
  `sign_for_surgery` varchar(255) CHARACTER SET utf8 COLLATE utf8_general_ci NULL DEFAULT NULL,
  `single_color_judge` varchar(255) CHARACTER SET utf8 COLLATE utf8_general_ci NULL DEFAULT '无' COMMENT '单色识别',
  `skin` varchar(255) CHARACTER SET utf8 COLLATE utf8_general_ci NULL DEFAULT '正常' COMMENT '皮肤',
  `smell` varchar(255) CHARACTER SET utf8 COLLATE utf8_general_ci NULL DEFAULT '正常' COMMENT '嗅觉',
  `spine_backbone` varchar(255) CHARACTER SET utf8 COLLATE utf8_general_ci NULL DEFAULT '正常' COMMENT '脊柱',
  `spleen` varchar(255) CHARACTER SET utf8 COLLATE utf8_general_ci NULL DEFAULT '正常' COMMENT '脾',
  `stammer` varchar(255) CHARACTER SET utf8 COLLATE utf8_general_ci NULL DEFAULT '无' COMMENT '口吃',
  `stu_no` varchar(255) CHARACTER SET utf8 COLLATE utf8_general_ci NOT NULL,
  `suggest_for_check` varchar(255) CHARACTER SET utf8 COLLATE utf8_general_ci NULL DEFAULT NULL,
  `throat` varchar(255) CHARACTER SET utf8 COLLATE utf8_general_ci NULL DEFAULT '正常' COMMENT '咽喉',
  `tooth_place` varchar(255) CHARACTER SET utf8 COLLATE utf8_general_ci NULL DEFAULT '正常' COMMENT '齿槽',
  `tooth_sick` varchar(255) CHARACTER SET utf8 COLLATE utf8_general_ci NULL DEFAULT '无' COMMENT '龋齿',
  `user_id` int(11) NOT NULL,
  `waistline` double NULL DEFAULT NULL,
  `weight` double NULL DEFAULT NULL,
  `work_place` varchar(255) CHARACTER SET utf8 COLLATE utf8_general_ci NULL DEFAULT NULL,
  `check_year` varchar(255) CHARACTER SET utf8 COLLATE utf8_general_ci NULL DEFAULT NULL,
  PRIMARY KEY (`id`) USING BTREE
) ENGINE = MyISAM AUTO_INCREMENT = 2 CHARACTER SET = utf8 COLLATE = utf8_general_ci ROW_FORMAT = Dynamic;

-- ----------------------------
-- Records of check_info
-- ----------------------------
INSERT INTO `check_info` VALUES (1, '2019-04-18 18:42:30', '2019-04-18 18:42:30', '正常', '正常', NULL, NULL, NULL, NULL, '2020-05-27 00:00:00', NULL, '信息科学与工程学院', '无', NULL, NULL, NULL, '无', '无', '无', '一班', '正常', '正常', 176, '无', '无', NULL, NULL, '正常', '正常', '无', '物联网工程', '正常', '彭于晏', NULL, NULL, NULL, NULL, '无', '无', '无', '无', '无', NULL, NULL, NULL, NULL, NULL, NULL, NULL, NULL, '男', NULL, NULL, NULL, NULL, NULL, NULL, NULL, NULL, '无', '正常', '正常', '正常', '正常', '无', '631507030103', NULL, '正常', '正常', '无', 1, NULL, 60, NULL, '第一学年');

-- ----------------------------
-- Table structure for health_document
-- ----------------------------
DROP TABLE IF EXISTS `health_document`;
CREATE TABLE `health_document`  (
  `id` int(11) NOT NULL AUTO_INCREMENT,
  `create_datetime` timestamp(0) NOT NULL DEFAULT CURRENT_TIMESTAMP(0),
  `update_datetime` timestamp(0) NOT NULL DEFAULT '2019-04-18 18:42:30' ON UPDATE CURRENT_TIMESTAMP(0),
  `author` varchar(255) CHARACTER SET utf8 COLLATE utf8_general_ci NULL DEFAULT NULL,
  `book` varchar(255) CHARACTER SET utf8 COLLATE utf8_general_ci NULL DEFAULT NULL,
  `content` longtext CHARACTER SET utf8 COLLATE utf8_general_ci NULL,
  `description` text CHARACTER SET utf8 COLLATE utf8_general_ci NULL,
  `is_published` int(11) NULL DEFAULT NULL,
  `publish_data` datetime(0) NULL DEFAULT NULL,
  `visit_num` varchar(255) CHARACTER SET utf8 COLLATE utf8_general_ci NULL DEFAULT NULL,
  PRIMARY KEY (`id`) USING BTREE
) ENGINE = MyISAM AUTO_INCREMENT = 5 CHARACTER SET = utf8 COLLATE = utf8_general_ci ROW_FORMAT = Dynamic;

-- ----------------------------
-- Records of health_document
-- ----------------------------
INSERT INTO `health_document` VALUES (1, '2019-04-18 18:06:29', '2019-04-18 18:09:17', '梦幻小小丫 ', '	 好闺蜜，一定要幸福', '<p>        <strong>总以为</strong><a href=\"http://www.duwenzhang.com/huati/shijian/index1.html\" target=\"_blank\" style=\"color: rgb(51, 51, 51);\"><strong>时间</strong></a><strong>很长，我们有的是时间玩乐。总以为我们还是小</strong><a href=\"http://www.duwenzhang.com/huati/haizi/index1.html\" target=\"_blank\" style=\"color: rgb(51, 51, 51);\"><strong>孩子</strong></a><strong>，一天到晚还会形影不离。总以为我们是闺蜜，说不完的话题有的是时间聊。但是我们却忘记了一件重要的事，我们已长大，我们也会分离。</strong></p><p>当我们还处在懵懂无知的状态时，事态炎凉逼迫着我们走向了<a href=\"http://www.duwenzhang.com/huati/chengshu/index1.html\" target=\"_blank\" style=\"color: rgb(51, 51, 51);\">成熟</a>的轨道。只是太匆匆，我们还没来得及对过去，对<a href=\"http://www.duwenzhang.com/huati/qingchun/index1.html\" target=\"_blank\" style=\"color: rgb(51, 51, 51);\">青春</a>，对自己说声再见，就向憧憬的明天招了手。</p><p>小时候，我们是伙伴，天天腻在一起有说有笑，做着<a href=\"http://www.duwenzhang.com/huati/tongnian/index1.html\" target=\"_blank\" style=\"color: rgb(51, 51, 51);\">童年</a>最<a href=\"http://www.duwenzhang.com/huati/meihao/index1.html\" target=\"_blank\" style=\"color: rgb(51, 51, 51);\">美好</a>的梦。那时候，还不知道闺蜜的真正意义，只是强烈的<a href=\"http://www.duwenzhang.com/huati/ganjue/index1.html\" target=\"_blank\" style=\"color: rgb(51, 51, 51);\">感觉</a>身边有你真好。</p><p>一起上学，放学。一起游玩，做游戏。一起摸爬滚打。形影不离地牵着彼此的手走过青春的足迹。虽然<a href=\"http://www.duwenzhang.com/wenzhang/xiaoyuanwenzhang/zhongxuexiaoyuan/\" target=\"_blank\" style=\"color: rgb(51, 51, 51);\">中学</a>时光过去了十载之久，但是我们上学的情景仿佛就发生在昨天。</p><p>学校离家远，我们唯一的交通工具就是老式的脚踏车。那时候，对于我们而言，每天能骑着脚踏车去学校就是一件很<a href=\"http://www.duwenzhang.com/huati/xingfu/index1.html\" target=\"_blank\" style=\"color: rgb(51, 51, 51);\">幸福</a>的事，毕竟在当时条件有限。常常宅在家，自我感觉都发霉了，唯有出去透透气。骑着电动车经过去往学校的道路，那些过往如碎片立即拼凑到了一起呈现于我的脑海。我和闺蜜的背影瞬间感觉如此清晰：我骑着简便的脚踏车带着闺蜜争分夺秒飞奔学校，<a href=\"http://www.duwenzhang.com/huati/xihuan/index1.html\" target=\"_blank\" style=\"color: rgb(51, 51, 51);\">喜欢</a>那种“快马飞驰”的快感，一心只想着按时到校；喜欢那种“悠闲自乐”的释怀，途中与闺蜜肆无忌惮地畅谈；喜欢那种“沿途风景”的欣赏，道路两旁的田园风光给予我愉悦的<a href=\"http://www.duwenzhang.com/wenzhang/xinqingriji/\" target=\"_blank\" style=\"color: rgb(51, 51, 51);\">心情</a>。不管是刮风下雨，还是下雪天，都无法阻挡我们前进的步伐。飞奔学校的路上，我载她一会儿，她载我一会儿，边飞边聊天，忙得不亦乐乎，不知不觉之中就到了学校。这段贮藏<a href=\"http://www.duwenzhang.com/huati/xinling/index1.html\" target=\"_blank\" style=\"color: rgb(51, 51, 51);\">心灵</a>深处最<a href=\"http://www.duwenzhang.com/huati/kuaile/index1.html\" target=\"_blank\" style=\"color: rgb(51, 51, 51);\">快乐</a>的时光其实就是在最<a href=\"http://www.duwenzhang.com/huati/pingdan/index1.html\" target=\"_blank\" style=\"color: rgb(51, 51, 51);\">平淡</a>的日子里骑着简便的脚踏车带着闺蜜像疯子似的豪放不羁。除了周日外，这是我们每天必走的行程，也是我们朝夕相处最美好的时光。</p><p>后来我们长大了。每一次的心灵触动，每一次的<a href=\"http://www.duwenzhang.com/huati/zhenqing/index1.html\" target=\"_blank\" style=\"color: rgb(51, 51, 51);\">真情</a>流露，每一次的情绪宣泄，都令彼此心心相系。但凡一个表情，一句话语便能听出彼此的心事。这种超乎伙伴的情谊渐渐升华成闺蜜。我们住进了一个叫做<a href=\"http://www.duwenzhang.com/huati/youyi/index1.html\" target=\"_blank\" style=\"color: rgb(51, 51, 51);\">友谊</a>的小船里，向着壮丽的岸边靠近。</p><p>我们不再是小孩子了，经过几年的闯荡，各自都有了自己的见解。长大的<a href=\"http://www.duwenzhang.com/huati/fannao/index1.html\" target=\"_blank\" style=\"color: rgb(51, 51, 51);\">烦恼</a>犹如乱麻困扰着彼此，不管是家事还是私事，都会有那么一段失落的阶段，然而如今的我们就处于这种棱角未磨平又不知所措的阶段。长大的蜕变总要在经历过什么之后才会有所转变，面对种种困惑，本身<a href=\"http://www.duwenzhang.com/huati/mimang/index1.html\" target=\"_blank\" style=\"color: rgb(51, 51, 51);\">迷茫</a>的我望着未来更加迷茫，满眼惆怅地看不到前方。每当我们相对攀谈，她却总能有所觉察，然后将她多年来的阅历一一向我诉说。那些生动的叙述如同条条法规时刻警醒着我，让无知的我受益匪浅，收集着她积累下来的经验，汲取着其中的精髓，让自己慢慢地<a href=\"http://www.duwenzhang.com/wenzhang/shenghuosuibi/chengzhang/\" target=\"_blank\" style=\"color: rgb(51, 51, 51);\">成长</a>。其实她那双炯炯有神的眼睛里偶尔也会带些<a href=\"http://www.duwenzhang.com/huati/youshang/index1.html\" target=\"_blank\" style=\"color: rgb(51, 51, 51);\">忧伤</a>，而我则会成为她第一个倾诉对象，静静地聆听她的心声，不打扰，不多言，默默地守护在她身边，只要她需要一个空间倾诉，我随时都在。虽然有些懵懂，但却像是她提前给我上了一课。我们总是聊着聊着不经意间就到了该<a href=\"http://www.duwenzhang.com/huati/likai/index1.html\" target=\"_blank\" style=\"color: rgb(51, 51, 51);\">离开</a>的时候，意犹未尽的话题才会嗄然断片。</p><p>或许就是这种<a href=\"http://www.duwenzhang.com/huati/danchun/index1.html\" target=\"_blank\" style=\"color: rgb(51, 51, 51);\">单纯</a>的交谈以及这种无所顾忌的谈心，让两颗本就心系彼此的心更加相融。在彼此需要的时候，恰好都在，这种不拘谨且轻松的情谊刚刚好。</p><p>&nbsp;      <a href=\"http://www.duwenzhang.com/wenzhang/renshengzheli/\" target=\"_blank\" style=\"color: rgb(51, 51, 51);\">人生</a>难遇一<a href=\"http://www.duwenzhang.com/huati/zhiji/index1.html\" target=\"_blank\" style=\"color: rgb(51, 51, 51);\">知己</a>，她可能就是上天派到我身边的<a href=\"http://www.duwenzhang.com/huati/tianshi/index1.html\" target=\"_blank\" style=\"color: rgb(51, 51, 51);\">天使</a>，我也有幸成为她<a href=\"http://www.duwenzhang.com/huati/shengming/index1.html\" target=\"_blank\" style=\"color: rgb(51, 51, 51);\">生命</a>中的知音。当我们彼此吐露完心事，就会豁然开朗得各就各位，向着美好的明天继续迈进。</p><p>毕业后的我们选择了不同的道路，我在沿海城市青岛奋力拼搏，争取上进博得好的出路，她则在济宁报了专业，争取好就业。我们就这样为了更好的<a href=\"http://www.duwenzhang.com/wenzhang/shenghuosuibi/\" target=\"_blank\" style=\"color: rgb(51, 51, 51);\">生活</a>第一次分别。</p><p>一起住惯了，到了别的城市自然不适应，想家想<a href=\"http://www.duwenzhang.com/huati/fumu/index1.html\" target=\"_blank\" style=\"color: rgb(51, 51, 51);\">父母</a>更想这个可以说知心话的朋友。那时通讯设施还不先进，彼此的联系中断过。但在<a href=\"http://www.duwenzhang.com/huati/neixin/index1.html\" target=\"_blank\" style=\"color: rgb(51, 51, 51);\">内心</a>深处还会时常<a href=\"http://www.duwenzhang.com/huati/xiangnian/index1.html\" target=\"_blank\" style=\"color: rgb(51, 51, 51);\">想念</a>，然而那份想念也唯有延伸到每一次的放假。逢假回家，我们便情不自禁地跑到彼此的家里相约，滔滔不绝地谈笑风生。</p><p>曾以为中间的不联系会使我们再次见面尴尬，之间有隔阂或者见了面不知该如何说起。这些实质性的假想并没有在我们身上应验。我们的见面依然如初般轻松自在，坐在一起有说有笑，问着彼此的近况，憧憬着彼此的未来，就仿佛两人从未分别过一样。两人最好的相处莫过于久别重逢后的依然如故。最触动心灵的是：不管分别多久，我们依然很熟悉。</p><p>时光荏苒，我们已长大，不得不分开。我工作在外，她工作在家。即便如此，也不能割舍我们之间的情谊。偶尔通个电话，聊聊家常，诉说下心事，就好像彼此陪在身边一样。</p><p>曾记得我前年学车那会儿，她也报了名学车。我们竟如此的默契。我的学车之旅并没有她那么顺畅，几经波折，那段日子郁闷到了极点。她在老家学的，考试很顺利，没用多久便把驾照拿下来了。而我在外学车相当不容易，简直糟糕透顶，考试通过率极低，<a href=\"http://www.duwenzhang.com/huati/xingyun/index1.html\" target=\"_blank\" style=\"color: rgb(51, 51, 51);\">幸运</a>之神总和我擦肩而过。每当我和她通电话，就要长篇大论地诉苦一番，她便语重心长地安慰我。被教练挨批是常有的事，我还好，不过时常心生烦躁不悦，自己练得不好了或者练得不到位了，那所谓的自尊就会受伤，自然就有些小情绪堵塞心田。此刻便会拨通闺蜜的号倾诉一番，电话的那头虎口婆心的劝慰总能令我内心暖洋洋，所有的烦忧随着超声波都抛到九霄云外了。我一言她一语的回应着，互相将各自的教练教法讲给对方听，又互相采纳着对方的建议，互相鼓励着彼此一起加油，<a href=\"http://www.duwenzhang.com/huati/nuli/index1.html\" target=\"_blank\" style=\"color: rgb(51, 51, 51);\">努力</a>将最好的自己呈现在庄严的考场上。她那些絮叨的话语如同<a href=\"http://www.duwenzhang.com/huati/muqin/index1.html\" target=\"_blank\" style=\"color: rgb(51, 51, 51);\">妈妈</a>的复读机，但就这恰到好处的抚慰让我感觉自己不再是孤军奋战，还好有你。复活的自己学会放空自己，放下包袱，重拾起信心，在闺蜜的鼓舞下圆满结束了学车之旅。</p><p>      成长中的我们总是在困惑：生活是什么？幸福又是什么？迷迷糊糊中我们闯进了青年的大门，在那里我们历经工作中的琐碎，生活中的<a href=\"http://www.duwenzhang.com/huati/wunai/index1.html\" target=\"_blank\" style=\"color: rgb(51, 51, 51);\">无奈</a>，以及人世间的各种沧桑，跌跌撞撞中寻到了人生中最<a href=\"http://www.duwenzhang.com/huati/wenxin/index1.html\" target=\"_blank\" style=\"color: rgb(51, 51, 51);\">温馨</a>的归属。</p><p>     幸福的大门就这样为我们打开了。虽然我们还在迷茫中奔跑，但是终究逃不出<a href=\"http://www.duwenzhang.com/huati/mingyun/index1.html\" target=\"_blank\" style=\"color: rgb(51, 51, 51);\">命运</a>的包围圈。幸福，真的就摆在了眼前。</p><p>我的好闺蜜，结婚了。在她经历过漫长的<a href=\"http://www.duwenzhang.com/wenzhang/aiqingwenzhang/\" target=\"_blank\" style=\"color: rgb(51, 51, 51);\">爱情</a>长跑后，终于找到了人生伴侣。那一刻，她站在舞台的中央，神采飞扬地向着美好的明天宣誓，一道亮丽的风景线让这个隆重的节日变得更加庄严。我站在她的旁边，看着她满脸绽放着灿烂的<a href=\"http://www.duwenzhang.com/huati/xiaorong/index1.html\" target=\"_blank\" style=\"color: rgb(51, 51, 51);\">笑容</a>，不禁为她喝彩。欢呼声和着掌声汇成祝福的话语，愿她从此刻的起点起飞，带着满满的爱去创造属于他们最美的家。</p><p>我的好闺蜜，祝福你在人生最艰难的抉择中找到了满意的答卷。恭喜你脱单<a href=\"http://www.duwenzhang.com/huati/chenggong/index1.html\" target=\"_blank\" style=\"color: rgb(51, 51, 51);\">成功</a>，扬起了幸福的旗帜。未来的路愿你更加勇敢，闺蜜我永远是你<a href=\"http://www.duwenzhang.com/huati/jianqiang/index1.html\" target=\"_blank\" style=\"color: rgb(51, 51, 51);\">坚强</a>的后盾。</p><p>我的好闺蜜，当幸福来敲门，我虽然有千万个舍不得，但我还是要松开你的手，把你送到幸福的手里。因为那里才是你的家，那里才会有幸福。</p><p>我的好闺蜜，当一切再也回不去，但至少我们有<a href=\"http://www.duwenzhang.com/huati/huiyi/index1.html\" target=\"_blank\" style=\"color: rgb(51, 51, 51);\">回忆</a>，虽然你已成为人妻，但依然是我最亲密的<a href=\"http://www.duwenzhang.com/huati/jiemei/index1.html\" target=\"_blank\" style=\"color: rgb(51, 51, 51);\">姐妹</a>。因为我们是闺蜜，我们是家人。</p><p>我的好闺蜜，当我们已长大，虽然注定是这样分离的结局，但至少我们年轻过，相聚过。因为世间有聚散，世间无<a href=\"http://www.duwenzhang.com/huati/wanmei/index1.html\" target=\"_blank\" style=\"color: rgb(51, 51, 51);\">完美</a>。</p><p>我的好闺蜜，恰逢如此喜庆隆重的日子，告别<a href=\"http://www.duwenzhang.com/huati/danshen/index1.html\" target=\"_blank\" style=\"color: rgb(51, 51, 51);\">单身</a>生活的你更该欢喜，愿得一人心，白首不相离。</p><p>我的好闺蜜，一定要狠狠的幸福！明天依然会很美好。当你踏上红地毯，就意味着你<a href=\"http://www.duwenzhang.com/huati/yongyou/index1.html\" target=\"_blank\" style=\"color: rgb(51, 51, 51);\">拥有</a>了<a href=\"http://www.duwenzhang.com/huati/wennuan/index1.html\" target=\"_blank\" style=\"color: rgb(51, 51, 51);\">温暖</a>的避风港湾，你不再是一个人<a href=\"http://www.duwenzhang.com/huati/fendou/index1.html\" target=\"_blank\" style=\"color: rgb(51, 51, 51);\">奋斗</a>，而是有了可以<a href=\"http://www.duwenzhang.com/huati/yikao/index1.html\" target=\"_blank\" style=\"color: rgb(51, 51, 51);\">依靠</a>的肩膀。人生最幸福的事便是找到了另  一半，这幅拼图才算完整。</p><p>       我的好闺蜜，一定要狠狠的幸福！生活依然很美好。当他牵起你的手走过红地毯，便意味着以后的生活你们要携手前进。不管顺境还是逆境，你们都要时刻十指紧扣，共同面对。人生最快乐的事便是有你有我，生活才不会乏味。</p><p>其实有些事不明白，长大了便一目了然。就比如我们不知道所谓的爱情是什么，当找到了人生伴侣之后，仿佛一切都不必解释了。依靠且陪伴，或许就是人们对于爱情的心灵慰藉吧。</p><p>我的好闺蜜，茫茫人海，找寻郎君的旅途中深知其滋味，但在品味中寻到自己的如意郎君，便是人生最美好的收获。愿你们永远相亲相爱，相扶到老。</p><p>好闺蜜，一定要幸福。一定要狠狠的幸福！</p>', '　 总以为时间很长，我们有的是时间玩乐。总以为我们还是小孩子，一天到晚还会形影不离。总以为我们是闺蜜，说不完的话题有的是时间聊。但是我们却忘记了一件重要的事，我们已长大，我们也会分离。', 1, '2019-04-18 18:06:29', '39448');
INSERT INTO `health_document` VALUES (2, '2019-04-18 18:11:34', '2019-04-18 18:42:30', '赋得古原草 ', '只道情深，奈何缘浅', '<p>“<a href=\"http://www.duwenzhang.com/wenzhang/renshengzheli/\" target=\"_blank\" style=\"color: rgb(51, 51, 51);\">人生</a>若只如初见，何事秋分悲画扇。”第一次见到这句诗是上课的时候，我坐在他身后，从他的书中飘出来一张白纸落到我的脚边，那是我看过写的最好看的字，工整又不失张扬，给人一种特别舒适的<a href=\"http://www.duwenzhang.com/huati/ganjue/index1.html\" target=\"_blank\" style=\"color: rgb(51, 51, 51);\">感觉</a>。有一种不舍得还给他的感觉，我轻轻的拍了一下他：“同学，这个是你的吧？”他回头盯着我手里的纸片，那张整齐排列的五官映入我的眼帘，他反映了一会儿，“啊！是的，谢谢！”他继续听课了，我很庆幸他并没有发现我的脸涨得通红。后来听宿舍里的人说他叫张扬，爱打篮球，是个大才子。</p><p>“阿嚏，阿嚏。”一向有鼻炎的我坐在教室里吊扇的正下方，吹的<a href=\"http://www.duwenzhang.com/huati/shijian/index1.html\" target=\"_blank\" style=\"color: rgb(51, 51, 51);\">时间</a>久了，自然有点吃不消。“给你。”旁边一个长相乖巧的男生递过来一包纸巾，“我叫李想，来自安徽芜湖，我从班长那儿看了我们班花名册，就咱俩是同乡，你叫许紫菲对吧？”“嗯嗯，我们家是安徽亳州。”我特别激动，初到这个新环境，竟然有人已经对我有所耳闻，还是有些小得意的。然后我们俩就像是给家乡搞宣传一样，把我们那儿，所有的好吃的好玩的都聊了个遍，感觉很过瘾。</p><p>刚入学，对其他人也不太认识，我一进教室李想就向我招招手，他已经给我占好了桌位。有一次起床晚了忘记吃早餐，然而我那<a href=\"http://www.duwenzhang.com/huati/cuiruo/index1.html\" target=\"_blank\" style=\"color: rgb(51, 51, 51);\">脆弱</a>的小胃可受不了啊！痛得我，趴在桌上捂着肚子脸色苍白，连说话的力气都没有。吓得李想从那以后每天都给我准备一份早餐，我都不好意思了。一天早上我又踏着上课铃声走进教室坐下，“快吃早餐吧！一会儿该凉了！”李想说。我从钱包里拿出一百块钱塞给他给他，“来，这两个月的早餐钱。”他不肯收，“你要不收，今后就不要给我买早餐了。”他没有收。从那以后李想没有再给我带早餐了，我也每天尽量早起五分钟去买早餐，但是李想的包里总是不断零食。每到快放学的时候，李想就特别屁颠的从书包里拿出面包，饼干之类的零食说：“来，紫菲，肯定饿了吧？”然后我们就像两只老鼠一样，把头塞进桌兜里偷吃。</p><p>其实，我想说，我们宿舍里都是女汉子。王艳拉着我说走篮球社纳新呢，我们去报名，学长可都是又高又帅又有型的呢。我很不屑的用食指点着王艳的脑袋说：“你个大花痴！”转眼我们就到了，王艳毫不犹豫的报了名，她签名字的时候，我看见我又看见了那工整又跋扈的两个字“张扬”，他也报名了。“给”王艳写完名字把笔递给我，我犹豫了一下，“哎呀！你就当是陪我去嘛！”王艳撒起了娇。“好吧！”然后我也报了名。</p><p>“紫菲，你快点，一会我们俩该去迟到了”王艳催我。今天篮球社第一次召集大家训练，我特别熟练的把长发挽起来，显得很清爽。然后我们就向体育场飞奔过去。我们去到，还没开始训练，男生们在一块打球。张扬穿着那件黄色的球衣特别显眼，他就钻进我的眼里出不来了。每一个投篮都是那么帅气，我在心里为他鼓掌呐喊。突然张扬手里的球向我飞奔过来，砸到我的头上，我感觉头很懵，就蹲下了，张扬跑过来关切地说：“美女，对不起啊，没事儿吧？”我心里窃喜，他叫我们美女耶！“奥，没事没事。”</p><p>刚开学大家总归是客客气气的，过了一段时间大家都玩得很熟了。眼看张扬一个帅气的三步上篮，运球，跳，准备投的时候被一个跳起的瘦高个挡了一下，投偏了，没有进。“张扬，你是猪吗？看不见他从这边拦你啊？”我大声嚷着。“许紫菲，你懂个毛线，闭嘴！”张扬大汗淋漓，晚霞的余光照到他身上感觉好像他整个人都在发光。他掀起黄色球衣一次性盖在脸上擦掉脸上汗珠，我就默默的关注着他，做他的小粉丝，只有我自己清楚我有多么崇拜他。我<a href=\"http://www.duwenzhang.com/huati/xihuan/index1.html\" target=\"_blank\" style=\"color: rgb(51, 51, 51);\">喜欢</a>他的霸道，喜欢他和我斗嘴。</p><p>这时我的电话响了，是李想，我们说好晚上一块去补作业，因为明天要交了，其实也就是我拿他的作业copy一份。“嗯，我这边就要结束了，我在这边等你。”来到自习室，我就拿起作业狂抄，“你有没有不懂的？我来给你讲讲。”“谢谢我们的<a href=\"http://www.duwenzhang.com/wenzhang/xiaoyuanwenzhang/daxueshenghuo/\" target=\"_blank\" style=\"color: rgb(51, 51, 51);\">大学</a>霸，这些我都会做只是懒得耗费时间罢了。”我三下五除二写完了。如释重负的说“走吧！”“现在就走？”他有些疑惑，“不然呆在这里干什么？”“那我送你回去吧！”他有些不舍。回宿舍的路上，他一直问：“紫菲，你要不要吃这个？紫菲要不我给你买个冰激凌吃吧？”我们就一人舔着一个冰激凌走向宿舍。“我是第一次有男生送我感觉怪怪的。”“那今后我每天都送你好不好？”他认真的看着我。“哎呀！干嘛？我长这么安全，根本不用送好吗？”我装傻的说。我们一直没有说话，到了楼下，我说：“我上去了啊，谢谢你的冰激凌。”</p><p>从那以后，每天篮球训练，李想也都会去捧场，他总是拎一大兜矿泉水，等大家训练累了休息的时候分给大家喝，“给，张扬”李想扔过去一瓶矿泉水，张扬接住，他们俩是一个宿舍的，玩得很铁。我兴冲冲跑去拿一瓶正准备拧开。“紫菲，这个是给你准备的。”李想把手中已经拧松的脉动递给我。“哎，李想，大家待遇怎么不一样啊？”王艳一脸坏笑的看着我。我使劲掐了她一下：“死丫头，来来来，咱俩换换。”我抢过她手中的矿泉水。我注意到张扬的脸铁青着，不说话，拿一瓶矿泉水浇到头上。王艳拿着脉动很得意的递到张扬面前说：“来，张队长辛苦，给您！”张扬很用力的推开王艳“我不喝！”然后就大步走开了。</p><p>回去的路上王艳一脸坏笑说：“紫菲，你说我们每天形影不离的，你跟李想什么时候好的，我怎么一开始没看出来啊！快给我招了。”然后就开始挠我痒痒。“哎呀，艳子，你别闹了。我们俩是老乡，你不要乱说，李想他个老好人对谁都好。”“那他怎么不给我买脉动啊？”王艳有点吃醋的说。“好，那我就你们牵牵牵线让他每天都给我们王大小姐买脉动好不好？”“我才不要呢，我已经有我们家张扬张大队长了，你们家脉动还是留着自己喝吧！”王艳脸上洋溢着<a href=\"http://www.duwenzhang.com/huati/xingfu/index1.html\" target=\"_blank\" style=\"color: rgb(51, 51, 51);\">幸福</a>和憧憬。我的心里一紧张，有点支支吾吾的说“你喜欢张扬啊？”“对啊，紫菲，你不感觉队长特别帅吗？每一个投篮，运球，啊！真是太帅了。”王艳两眼放光的样子看着远方说。我敲了她脑袋一下，“看你一副流口水的样子，好像要吃了让人家张扬一样。”王艳一路上都在给我讲张扬怎样怎样的令她神魂颠倒，我没有听进去。我<a href=\"http://www.duwenzhang.com/huati/neixin/index1.html\" target=\"_blank\" style=\"color: rgb(51, 51, 51);\">内心</a>一阵悸动，怎么可以这样，我最好的闺蜜竟然喜欢我心底的那个小心翼翼珍藏的他。</p><p>张扬打完球，一边察汗一边冲我走过来，小心脏在砰砰狂跳，我在想要怎样跟他打招呼呢！“给你，张扬。”艳子递给张扬一瓶脉动。“谢谢！”张扬冲艳子笑笑，艳子害羞的低下了头。我就站在旁边看着他们，艳子回过神来说：“来来来，紫菲，我给你买了你最喜欢的果粒奶优。”我接过来，没有说话。燕子是一个勇敢大方奔放的女生，自从那次他给我说他喜欢张扬，现在，每次训练完，她都热情跑到小卖铺去买水。“张队长，那个三步上篮我怎么都学不会，不是多一步就是少一步，一会儿你再教教我吧？”王艳一脸期待的看着张扬。“嗯，好！”“那个，艳子，你跟着张扬好好练，我就不等你了，我先回去了。”我看出了艳子的小计谋。</p><p>从那以后我就找各种理由请病假不去参加篮球培训，也不去上课，就那样蜗在宿舍里。李想给我打电话问我是不是病了，说要来带我去医院，我说没事，就是懒得上课。李想托艳子给我拎了一大兜苹果，还有各种感冒药。过了几天，李想问我感冒好了没有，我说好了好了，怕他又给我买药。好了就要多出来走走，不能老是蜗在宿舍里。我们去了图书馆，我一头扎进书堆里，各种类型的小说书一本接着一本，不停地看，像是疯了一样。李想摸摸我的头说，你这脑子不会烧坏了吧？</p><p>到了吃饭时间，我也不愿意去，李想说你想吃什么，我去给你买回来。我说随便吧！我又继续钻进我的小说世界里去了，“嘿”有人突然跳出来重重的拍了我一下，吓得我“啊！”一声大叫出来，周围其他人都分分抬头看我，我脸刷的一下红了。张扬特别得意：“怎么样，许爱妃，你的病好了没？”他给我起的外号，他说我的名字，许紫菲，倒过来念是许妃子，今后就叫我许爱妃了。“张扬，你有病啊？吓死我了。”在其他人面前他是一个酷酷的队长，在我面前他像是一个赖皮一样，总是爱捉弄我，并引以为乐。“怎么样啊！最近都不来训练，本来就底子差还不好好训练。”“哼……本小姐就是不用训练也照样虐你。”我夸下海口。“唉吆喂，走吧！练练去。”张扬晃手中的篮球向我挑衅。我不甘示弱，放下书，跟着他来到篮球场。</p><p>我抢过球，在篮下不停的投，不停地捡球，再投，完全不顾张扬。我浑身出满了汗，但是仍然在继续投。“紫菲，你怎么了？累了就歇一会。”张扬抢过篮球关切地说，他从没见过我这样，像脱缰的野马一样，拼命投球。“不累”我去抢张扬手里的球，他的手臂很长，他双手举起球，右手一勾，球进了。他抱住我，“到底怎么了？紫菲，你这样对自己我很心疼。”我在他怀里挣扎，他抱得更紧了，“有什么事你给我说啊！”你知道喜欢的人不能喜欢是什么感觉吗？”他在我额头上深深的亲了一下，靠在他宽大的怀抱中，我感觉特别踏实，我真想时光能够停留在那里。“我不管你喜欢的是谁，但今后只能喜欢我，因为我喜欢你。”这是我听过最霸道的告白。他送我回宿舍，半路他的大手主动来握住我的小手，很<a href=\"http://www.duwenzhang.com/huati/wennuan/index1.html\" target=\"_blank\" style=\"color: rgb(51, 51, 51);\">温暖</a>，但是我甩开了。我们就这样左右并排走着，离得很远，我扭捏着有点不好意思。</p><p>他跑去给我买了粥和饼，“赶快吃吧！肯定饿坏了！”他关切的看着我。我真的感觉像是做梦一样，回到宿舍，艳子跑过来关切地说：“怎么现在才吃晚饭？一天没有见你，想死你了。我要抱抱！”我的心里感觉像是做了亏心事，和艳子一直像是亲<a href=\"http://www.duwenzhang.com/huati/jiemei/index1.html\" target=\"_blank\" style=\"color: rgb(51, 51, 51);\">姐妹</a>一样，我们无话不说，<a href=\"http://www.duwenzhang.com/huati/xingge/index1.html\" target=\"_blank\" style=\"color: rgb(51, 51, 51);\">性格</a>相仿的我们很合得来。我从刚才那个<a href=\"http://www.duwenzhang.com/huati/tianmi/index1.html\" target=\"_blank\" style=\"color: rgb(51, 51, 51);\">甜蜜</a>的梦中醒来，心里像是压一块大石头一样，堵得慌。左手是<a href=\"http://www.duwenzhang.com/wenzhang/youqingwenzhang/\" target=\"_blank\" style=\"color: rgb(51, 51, 51);\">友情</a>，右手是<a href=\"http://www.duwenzhang.com/wenzhang/aiqingwenzhang/\" target=\"_blank\" style=\"color: rgb(51, 51, 51);\">爱情</a>。洗刷完躺到床上，李想和我聊天，李想是一个特别特别好的人，无可挑剔，对我关心之至，大暖男一枚。聊了好久，我的心也不堵了，就睡觉了。梦中，我们四个人都是特别亲密的好朋友，我们<a href=\"http://www.duwenzhang.com/huati/chunjie/index1.html\" target=\"_blank\" style=\"color: rgb(51, 51, 51);\">纯洁</a>透明的<a href=\"http://www.duwenzhang.com/huati/youyi/index1.html\" target=\"_blank\" style=\"color: rgb(51, 51, 51);\">友谊</a>不参杂任何杂质。</p><p>往后的日子里我特别乖，每天按时去上课，乖乖的坐在艳子和李想中间认真听课，然后去图书馆认真完成作业。只是没有再去篮球社团打球了，见着张扬也是绕道走像是没看见一样。我已经决定为了艳子我要灭了心中那窜类似爱情的小火苗。下课了，张扬就在门口堵着我，“张扬”艳子兴冲冲的跑上去，“陈紫菲，你过来一下！”张扬有点严肃。“艳子，你先去等我一会，估计是我这几天没有去篮球社训练，也没有请假，惹队长不高兴了。”我趴到艳子耳边悄悄的跟她说。艳子点点头先走了。“那我也先走了”李想感觉自己有点多余识趣地走了。“你这几天为什么躲着我？”张扬还是特别严肃。“我没有啊，咱俩以前交集也不是很多，也没怎么说话啊！”我装作无所谓的样子看着地面说。“好，那你为什么不去参加篮球培训，而且还不请假？”张扬更加愤怒了。“姐不想去了，行不行，我要退了篮球社。”我有点恶狠狠的又有点不忍心<a href=\"http://www.duwenzhang.com/huati/shanghai/index1.html\" target=\"_blank\" style=\"color: rgb(51, 51, 51);\">伤害</a>张扬。“好，我再问你最后一个问题，你那天晚上有没有接受我？”张扬抱着最后一丝<a href=\"http://www.duwenzhang.com/huati/xiwang/index1.html\" target=\"_blank\" style=\"color: rgb(51, 51, 51);\">希望</a>，眼睛特别渴望的看着我。“没有啊！怕你太<a href=\"http://www.duwenzhang.com/huati/shangxin/index1.html\" target=\"_blank\" style=\"color: rgb(51, 51, 51);\">伤心</a>，安慰你的。”我<a href=\"http://www.duwenzhang.com/huati/yanshen/index1.html\" target=\"_blank\" style=\"color: rgb(51, 51, 51);\">眼神</a>飘忽，没有敢直视他。张扬愣了一会，平静下来问我：“那你喜欢的人是李想对不对？”“对”说完我面无表情的转身走了，可是转过身的我却已泪流满面。</p><p>我在心里安慰自己，如果我和张扬在一块了，那么根据李想的性格，一定会恨死张扬，他俩就不能做好哥们了，而且我也没有脸见艳子了。如果燕子和张扬在一块的话，那么大家都还是好朋友。上课的时候，我依然和李想艳子坐一块，我知道张扬在暗中监视我，所以我就和李想装作很亲密。而且果然奏效，很快张扬就对外声称艳子是他<a href=\"http://www.duwenzhang.com/huati/nvpengyou/index1.html\" target=\"_blank\" style=\"color: rgb(51, 51, 51);\">女朋友</a>了。</p><p>我像平时一样和李想一块去食堂吃饭，他像平时一样细心体贴的给我剥鸡蛋。吃过饭我们准备返回图书馆，我怕自己的心静下来，会感觉特别<a href=\"http://www.duwenzhang.com/huati/kongxu/index1.html\" target=\"_blank\" style=\"color: rgb(51, 51, 51);\">空虚</a>和委屈，最近就一只躲在图书馆看书。李想最近和我说话我总是能够听出一种<a href=\"http://www.duwenzhang.com/huati/aimei/index1.html\" target=\"_blank\" style=\"color: rgb(51, 51, 51);\">暧昧</a>的感觉。回图书馆的路上，他竟然拉起我的手，“紫菲，我喜欢你，你可以做我女朋友吗？我听张扬说你也喜欢我，是真的吗？”我的脸上一阵发烫，没有回答他，也没有甩开他的手。当时就是，不想让李想伤心<a href=\"http://www.duwenzhang.com/huati/nanguo/index1.html\" target=\"_blank\" style=\"color: rgb(51, 51, 51);\">难过</a>。就这样，李想每天都约我或者是去图书馆，或者是去公园。他以为我是默认了，<a href=\"http://www.duwenzhang.com/huati/shanliang/index1.html\" target=\"_blank\" style=\"color: rgb(51, 51, 51);\">善良</a><a href=\"http://www.duwenzhang.com/huati/danchun/index1.html\" target=\"_blank\" style=\"color: rgb(51, 51, 51);\">单纯</a>的我只是不懂得拒绝。有时候我感觉李想大多是一个一块玩耍的好伙伴，而不像是<a href=\"http://www.duwenzhang.com/huati/nanpengyou/index1.html\" target=\"_blank\" style=\"color: rgb(51, 51, 51);\">男朋友</a>，他真的是各方面都很好，对我的好也是无可挑剔，我总是觉得我对他缺一种感觉。我们在一块玩的时候还挺愉快的，双子座和双鱼座是很好玩伴，但是恋人指数偏低。当时感觉傻乎乎的，懵懵懂懂的，上课不能做亲密动作，只要有熟人在就不能拉手。为此我们还立下字句，双方还摁手印签名了呢！两个人凑一块就变成了两个逗比。艳子每天不在宿舍，晚上回来的时候就跟拉着我说：“紫菲，你知道吗，今天我和张扬一块去坐摩天轮了呢，给你看我们拍的照片。”我看见照片上他们俩笑得都很<a href=\"http://www.duwenzhang.com/huati/kaixin/index1.html\" target=\"_blank\" style=\"color: rgb(51, 51, 51);\">开心</a>。心里有一种莫名的<a href=\"http://www.duwenzhang.com/huati/beishang/index1.html\" target=\"_blank\" style=\"color: rgb(51, 51, 51);\">悲伤</a>。</p><p>放暑假了，我是很期待这个暑假的，在学校里待的够了，想换个环境。李想去火车站送我上车，一路上特别的不舍，我说没事的我们可以打电话，聊QQ。回家之后，我们每天晚上都打电话，聊的今天干什么了，聊到没有话了，还是不挂电话。我给我<a href=\"http://www.duwenzhang.com/huati/muqin/index1.html\" target=\"_blank\" style=\"color: rgb(51, 51, 51);\">妈妈</a>说，有个男<a href=\"http://www.duwenzhang.com/huati/haizi/index1.html\" target=\"_blank\" style=\"color: rgb(51, 51, 51);\">孩子</a>追我，我不知道怎么拒绝。妈妈说：“那你要知道自己到底喜不喜欢他，现在都上大学了，妈妈也不管你了，可是你要跟着自己的心走，既然都说不知道如何拒绝，那你肯定是不那么喜欢他了？”“他的人特别好，对所有人都好。”我说：“傻孩子，世界上好人多了，他们要是都喜欢你，你该怎么办呢？喜欢一个人的感觉就是就算全世界都不喜欢他，你也会站在他的身后崇拜他。在你的心中他是一个太阳般的人，是最<a href=\"http://www.duwenzhang.com/huati/wanmei/index1.html\" target=\"_blank\" style=\"color: rgb(51, 51, 51);\">完美</a>的人。”妈妈说完，我的脑海里浮现了李想投中球之后嘚瑟的冲我一笑的场景。</p><p>李想再给我打电话，我们总是说不几句，我就想各种借口，我先洗澡，我妈叫我刷碗呢，然后就挂了，再打过来我就说我有一点困了。李想是那种特别迁就我，体贴的人。并不是妈妈那样说我才对李想疏远的，而是每次打电话的话题总是千篇一律，让我感觉如同爵蜡。我用我的小技俩推脱了有一个礼拜，每次打电话就只说了几句。李想问我：“紫菲，你是不是想和我<a href=\"http://www.duwenzhang.com/huati/fenshou/index1.html\" target=\"_blank\" style=\"color: rgb(51, 51, 51);\">分手</a>了？你说为什么？”我没有说话，“你不想说话，好，你如果是想和我分手，就直接回答我：是 就行了。”我犹豫了，他也不说话，就这样静静的，过了好久，我小声的“嗯”了一声。然后他就默默的挂了电话，我再也打不通。他总是这样，给我想要的，哪怕我想要跟他分开，他也会撕心裂肺的<a href=\"http://www.duwenzhang.com/huati/manzu/index1.html\" target=\"_blank\" style=\"color: rgb(51, 51, 51);\">满足</a>我。</p><p>开学了，今年我们大三了，时间过得真快。回到学校，进教室的时候我的心里砰砰砰的，好像是做了亏心事一样既害怕见到李想，又有点想看到他。我偷偷地看着他，他瘦了许多，整个人也都像霜打的茄子一样，萎靡不振的。他找过我一次，“紫菲，我们不闹了好不好？”我不知道怎么回答他，他看出了我的答案。走的时候给我留下了一大堆好吃的，回到宿舍，翻看他买的零食，我哭了，全都是我爱吃的。他没有再来找过我，他好像消失了一样，我知道自己有多么残忍，自责也无济于事。从此他对我就就鸡犬之声相闻，老死不肯往来。开学之后，艳子每次回宿舍总是眼睛红红的，看样子张扬又惹她生气了。没多久他俩也分手了。</p><p>时间过得不急不慢，百<a href=\"http://www.duwenzhang.com/huati/wuliao/index1.html\" target=\"_blank\" style=\"color: rgb(51, 51, 51);\">无聊</a>赖的我喜欢泡图书馆，一泡就是一整天，大学，我可没少啃图书馆的书。上课的时候，李想总是故意躲着我。张扬喜欢盯着我看，碍于艳子，我也总是避着他。快毕业的我们还是比较忙的，写完论文，答辩过后，我们就要毕业了。</p><p>有些人，一辈子都不可能会在一起，但可以在心里藏一辈子。毕业那天晚上你问“如果我们能在恰当时间，恰当的地点，恰当的场合，相遇在一起，会不会在一起相恋？”</p><p>“时光恍若隔世，或许会吧，只是没有如果！”我抬起头，仰望着星空说。</p><p>泪光滑过你的脸颊，在夜空发黄的灯光照耀下，显得晶莹剔透，“我懂了！”你转过身，背向着我说。</p><p>“人生若之如初见，何处秋风悲画屏。”彼岸豆蔻，谁许谁地老天荒？此去经年，谁伴谁天涯海角？只道是情深似海，奈何缘浅于此。你说“我们在最美的季节相遇，却没有在最美的季节相恋。”我说“情深与此，奈何缘浅！”只道一声君安，勿忘！</p>', '只道情深，奈何缘浅', 1, '2019-04-18 18:11:34', '68470');
INSERT INTO `health_document` VALUES (3, '2019-04-18 18:12:11', '2019-04-18 18:42:30', '王福光 ', '明天，你好', '<p>清晨，打开一扇窗，那暖暖的阳光，熙熙的春风，迎面扑来。那空气的清新，花草的芳香，山含情，水含笑，春儿“叽喳叽喳”的闹。又是一年新春时，一岁年龄一岁人，一岁年长一岁心。</p><p><a href=\"http://www.duwenzhang.com/wenzhang/renshengzheli/\" target=\"_blank\" style=\"color: rgb(51, 51, 51);\">人生</a>天地间，匆匆复匆匆。夏虫不可语冰，千江有水千江月，万里无云万里天。别人给的糖，甜过一阵就涩了；委屈时靠的肩膀，<a href=\"http://www.duwenzhang.com/huati/yanlei/index1.html\" target=\"_blank\" style=\"color: rgb(51, 51, 51);\">眼泪</a>流完后也就<a href=\"http://www.duwenzhang.com/huati/likai/index1.html\" target=\"_blank\" style=\"color: rgb(51, 51, 51);\">离开</a>了。而当有一天，我们发现自己炒的菜最香，自己种的果最甜，自己抹掉眼泪那才算是<a href=\"http://www.duwenzhang.com/wenzhang/shenghuosuibi/chengzhang/\" target=\"_blank\" style=\"color: rgb(51, 51, 51);\">成长</a>，自己翻过山峦才算到过天空，那么你就会清楚的知道，<a href=\"http://www.duwenzhang.com/huati/xingfu/index1.html\" target=\"_blank\" style=\"color: rgb(51, 51, 51);\">幸福</a>需要自己经营，我们想要的人生，也只能自己给自己，那不妨自己对明天的自己说声：“明天，你好。”</p><p>“君子山岳定，小人丝毫争。”与其战胜敌人一万次，不如战胜自己一次。我们可能在整个春天里找不到一朵花，也可能在一朵花上发现了整个春天。人生从来就没有真正的绝境，而只有对处境<a href=\"http://www.duwenzhang.com/huati/juewang/index1.html\" target=\"_blank\" style=\"color: rgb(51, 51, 51);\">绝望</a>的人。别人<a href=\"http://www.duwenzhang.com/huati/yongyou/index1.html\" target=\"_blank\" style=\"color: rgb(51, 51, 51);\">拥有</a>的，不必羡慕；只要<a href=\"http://www.duwenzhang.com/huati/nuli/index1.html\" target=\"_blank\" style=\"color: rgb(51, 51, 51);\">努力</a>，<a href=\"http://www.duwenzhang.com/huati/shijian/index1.html\" target=\"_blank\" style=\"color: rgb(51, 51, 51);\">时间</a>都会给你。树儿，在秋天释空了所有落叶，但只要那春天一到，却又会依然枝繁叶茂。那么，只要<a href=\"http://www.duwenzhang.com/huati/shengming/index1.html\" target=\"_blank\" style=\"color: rgb(51, 51, 51);\">生命</a>还握在我们手心，<a href=\"http://www.duwenzhang.com/wenzhang/shenghuosuibi/\" target=\"_blank\" style=\"color: rgb(51, 51, 51);\">生活</a>就没有真正的绝望，那一时半刻的成败<a href=\"http://www.duwenzhang.com/huati/deshi/index1.html\" target=\"_blank\" style=\"color: rgb(51, 51, 51);\">得失</a>对于我们一生来说，那又算得了什么呢？但如果心累了，那不妨就休息一下，毕竟<a href=\"http://www.duwenzhang.com/huati/linghun/index1.html\" target=\"_blank\" style=\"color: rgb(51, 51, 51);\">灵魂</a>的修复才是我们人生永不干枯的渴望。只是，我们不得不翘首<a href=\"http://www.duwenzhang.com/huati/xiwang/index1.html\" target=\"_blank\" style=\"color: rgb(51, 51, 51);\">希望</a>，对明天的自己从心底轻声说句：“明天，你好。”</p><p>人一生的幸福，一半要争，一半要随。这争，不是与他人，而是与困苦；随，也不是那随波逐流，而是知止而后安。一切安排都是最好的安排，毕竟那人生的味道，总是苦里藏着甜，甜里含着苦。兴许，那岁月本就是一颗纵横交错的巨树，而生命也亦不过是其中飞进飞出的小鸟。而如果那一天，你遭遇了人生的冷风冻雨，你的心已经不堪忍受，那么，也请你稍微等一等、候一候，你也要清楚的知道，这颗巨树也正在生活的背风处为你积极营造出一种春天的气象，并已开始一点一点慢慢的接近你靠拢你。那么，只要你努力了，那塞翁失马，焉知非福。</p><p>那，既然这样，那就不要管<a href=\"http://www.duwenzhang.com/huati/xianshi/index1.html\" target=\"_blank\" style=\"color: rgb(51, 51, 51);\">现实</a>有多么惨不忍睹，我们也要持之以恒地<a href=\"http://www.duwenzhang.com/huati/xiangxin/index1.html\" target=\"_blank\" style=\"color: rgb(51, 51, 51);\">相信</a>，这也只不过是黎明前短暂的黑暗罢了。那，我们既不要惶恐眼前的难关迈不过去，也不要担心此刻的付出没有回报。因为那向日葵看不到太阳也会照样开放，生活看不到希望我们依然要学会坚持。</p><p>“不雨花犹落，无风絮自飞。”昨天越来越多，明天越来越少，那我们不妨给时光一份浅浅的回眸，给<a href=\"http://www.duwenzhang.com/huati/xinling/index1.html\" target=\"_blank\" style=\"color: rgb(51, 51, 51);\">心灵</a>一份淡淡的安暖。笑看风云变化，淡观世态炎凉；得失安然、宠辱不惊；随遇而安、宁静致远；水深火热讴<a href=\"http://www.duwenzhang.com/huati/mingyun/index1.html\" target=\"_blank\" style=\"color: rgb(51, 51, 51);\">命运</a>，风口浪尖舞人生。毕竟，车到山前必有路，船到桥头自然直。生命不止、<a href=\"http://www.duwenzhang.com/huati/xinnian/index1.html\" target=\"_blank\" style=\"color: rgb(51, 51, 51);\">信念</a>不息，我心<a href=\"http://www.duwenzhang.com/huati/jianqiang/index1.html\" target=\"_blank\" style=\"color: rgb(51, 51, 51);\">坚强</a>岁月怎恙？</p><p>那么，无论我们遭受了多少艰辛，经历了多少苦难，只要心中还怀着一粒信念的种子，那么总有一天，她就能帮助我们走出困境，让生命重新开花结果。但如果想改变我们的人生，那么首先就是要改变我们的<a href=\"http://www.duwenzhang.com/huati/xintai/index1.html\" target=\"_blank\" style=\"color: rgb(51, 51, 51);\">心态</a>。因为“谁能以最深刻的内容<a href=\"http://www.duwenzhang.com/huati/chongshi/index1.html\" target=\"_blank\" style=\"color: rgb(51, 51, 51);\">充实</a>每个瞬间，谁就是在无限地延长自己的生命。”</p><p><a href=\"http://www.duwenzhang.com/huati/pingfan/index1.html\" target=\"_blank\" style=\"color: rgb(51, 51, 51);\">平凡</a>是生活的底蕴，困苦是人生的注脚。而我们却常常感慨岁月不居，生命多艰，品味的也只是当下的苦涩，<a href=\"http://www.duwenzhang.com/huati/mimang/index1.html\" target=\"_blank\" style=\"color: rgb(51, 51, 51);\">迷茫</a>的也只是目前人生的朝向。既然这个世界有花好月圆、风华正茂、两情相许；那么也应有花败月残、红颜易老、人各东西。那我们就不要管它雨丝风片，还是烟波画船，不如为自己点燃一盏心灯，开启一扇心窗，勇于面对、乐于承受、与生活同鸣、与苦难共舞，那岂不又是一种滋味呢？</p><p>但或许，只要心中想着花开，那么时时就会“面朝大海，春暖花开”。那不妨，就让我们把每一个黎明当作是生命的开始，把每一个黄昏亦作是生命的小节。“菩提本无树，明镜亦非台。本来无一物，何处惹尘埃。”只有心里装有阳光的人，才能感受到那现实的阳光。如果连自己都常常苦着脸，那生活又怎能如何<a href=\"http://www.duwenzhang.com/huati/meihao/index1.html\" target=\"_blank\" style=\"color: rgb(51, 51, 51);\">美好</a>呢？毕竟生活始终是一面镜子，你若对她笑，她便会对你笑。那倒不如就在道路的两旁，随时播种，随时开花吧。毕竟那所有的悲，终究也会为我们留下那一丝欢乐，那所有的<a href=\"http://www.duwenzhang.com/huati/yihan/index1.html\" target=\"_blank\" style=\"color: rgb(51, 51, 51);\">遗憾</a>也终会为我们留下那<a href=\"http://www.duwenzhang.com/huati/wanmei/index1.html\" target=\"_blank\" style=\"color: rgb(51, 51, 51);\">完美</a>的角落。</p><p>明天，你好。</p><p>越努力，越<a href=\"http://www.duwenzhang.com/huati/xingyun/index1.html\" target=\"_blank\" style=\"color: rgb(51, 51, 51);\">幸运</a>。那就不要等明天向我们走来，让我们走向明天吧。而有时，我们却都像那没有伞的<a href=\"http://www.duwenzhang.com/huati/haizi/index1.html\" target=\"_blank\" style=\"color: rgb(51, 51, 51);\">孩子</a>，时时都必须保持着努力奔跑的姿态。那么，与其探索世界到底有多大，不如思考自己的心到底能有多宽。也许那世界的模样，也只不过是那心底的倒影；世界的美好，更是来自那份心地的光明与悲悯。我们可以在<a href=\"http://www.duwenzhang.com/huati/fannao/index1.html\" target=\"_blank\" style=\"color: rgb(51, 51, 51);\">烦恼</a>中经过，但却不能在烦恼中<a href=\"http://www.duwenzhang.com/huati/mishi/index1.html\" target=\"_blank\" style=\"color: rgb(51, 51, 51);\">迷失</a>。</p><p>人生重在选择，但无论如何选择，只要是自己的选择，那就根本不存在对错与<a href=\"http://www.duwenzhang.com/huati/houhui/index1.html\" target=\"_blank\" style=\"color: rgb(51, 51, 51);\">后悔</a>。毕竟，过去的你不会让现在的你满意，现在的你也不会让未来的你满意。那么，既然当初有胆量去选择，那么我们同样也该有<a href=\"http://www.duwenzhang.com/huati/yongqi/index1.html\" target=\"_blank\" style=\"color: rgb(51, 51, 51);\">勇气</a>把后果来承受。况且那一个人的长大，也便是敢于惨烈地面对自己：在选择前，有一张真诚坚定的脸；在选择后，有一颗绝不改变的心。</p><p>那么，就不要总抱怨自己，因为人生终究是一场漫长的对抗，有些人笑在开始，有些人却赢在最后。因为命运不会偏爱谁，兴许就看你能够追逐多久，坚持几时。因为你今天的努力，就是你那幸运的伏笔。当下的付出，就是那明日的花开。芬芳过往，岁月静好。人不能靠<a href=\"http://www.duwenzhang.com/wenzhang/xinqingriji/\" target=\"_blank\" style=\"color: rgb(51, 51, 51);\">心情</a>活着，而要靠心态去生活。</p><p>天空，毕竟不是每天都放晴；生活，也不是时时都是欢喜。那向日葵因为经历了风雨，所以站在阳光下才会更显得灿烂。人只有尝尽了百味才方觉得甜更甜。那偶尔隐匿的阳光，再来时益更<a href=\"http://www.duwenzhang.com/huati/wennuan/index1.html\" target=\"_blank\" style=\"color: rgb(51, 51, 51);\">温暖</a>；扑朔迷离的希望，再出现时益更令人惊喜。</p><p><a href=\"http://www.duwenzhang.com/huati/kuaile/index1.html\" target=\"_blank\" style=\"color: rgb(51, 51, 51);\">快乐</a>是树缝里的阳光，斑驳地洒落在生活的角落中；烦恼是那屋外的微风，从窗外悄无声息地溜进来。我们无须为了阳光而砍伐树木，也不必为了宁静而紧闭窗扉。我们一直是在快乐与烦恼的缠绕中前行的，那再大的快乐，也会沉淀为过往，再大的烦恼也只能点缀成碎片。得志不得意，<a href=\"http://www.duwenzhang.com/huati/shibai/index1.html\" target=\"_blank\" style=\"color: rgb(51, 51, 51);\">失败</a>不失态，那兴许才是最好的抉择。那，就不如保持一颗<a href=\"http://www.duwenzhang.com/huati/leguan/index1.html\" target=\"_blank\" style=\"color: rgb(51, 51, 51);\">乐观</a>的心态，也许走着走着天就亮了，爱着爱着幸福她就来了。</p><p>不是每种花都能结果，但每种花都有自己的花季。那么，只要我们心态是正确的，那就不如自己安慰一下自己，自己对明天的自己说声：“明天，你好。”</p>', ' 清晨，打开一扇窗，那暖暖的阳光，熙熙的春风，迎面扑来。那空气的清新，花草的芳香，山含情，水含笑，春儿“叽喳叽喳”的闹。又是一年新春时，一岁年龄一岁人，一岁年长一岁心。', 1, '2019-04-18 18:12:11', '3233');
INSERT INTO `health_document` VALUES (4, '2019-04-18 18:12:49', '2019-04-18 18:42:30', '罂粟花儿', '那时，我太胆小', '<p><a href=\"http://www.duwenzhang.com/huati/shijian/index1.html\" target=\"_blank\" style=\"color: rgb(51, 51, 51);\">时间</a>总是悄无声息的向前奔跑着，却把<a href=\"http://www.duwenzhang.com/huati/huiyi/index1.html\" target=\"_blank\" style=\"color: rgb(51, 51, 51);\">回忆</a>不小心落在了后面。陌生的街道上，偶尔似曾相识的<a href=\"http://www.duwenzhang.com/huati/weixiao/index1.html\" target=\"_blank\" style=\"color: rgb(51, 51, 51);\">微笑</a>却总让我心里一阵悸动，想起你。</p><p>第一次见你是高中刚入学那会儿。彼此陌生的同学从各个镇上汇聚到市里二中上学。<a href=\"http://www.duwenzhang.com/huati/laoshi/index1.html\" target=\"_blank\" style=\"color: rgb(51, 51, 51);\">老师</a>按照身高和成绩分座位，成绩好的和成绩差得坐在一起，大概是想让大家一起进步的意思。我的个子在班上也算是高的了，自然被分到了最后一排。你被老师分到了我前面的坐着。按说你跟我还高点吧，不过还好，我还是可以看得见黑板的。再说，坐在我身边的还是个女生，这也是我不愿换座位的原因。后来我和同桌还成为了最好的朋友。</p><p>我本来我就不是一个爱讲话的人，更极少和男生讲话。若是在公众场合，我讲几句话就会脸红。我们本该无交集的。也许不是你唐突的请教我一个题目，也许就不会有后来。</p><p>你在班上总是一位极其活跃的同学。上课总是积极回答老师的问题，下课后和大家打成一片，也爱唱流行歌曲，后来你还教大家唱周杰伦的歌呢。当然也有缺点，那就是上课<a href=\"http://www.duwenzhang.com/huati/xihuan/index1.html\" target=\"_blank\" style=\"color: rgb(51, 51, 51);\">喜欢</a>在下面吃零食，也爱讲悄悄话。我坐在你后面可是看得一清二楚啊。说来也怪，你在下面没怎么听讲，但是老师一提你问，你还是可以正确无误的回答得上来，实在是到现在也还是让我佩服。所以老师也还是蛮喜欢的你的。而我确实不爱讲话，安静的可怕，甚至没有我大家也不会注意的人。</p><p>一次，下课后，你突然转过身问我刚刚老师讲的数学题，着实把我下了一跳。你怎么会问我了，天知道，我那时数学可是一塌糊涂啊。我支支吾吾说，老师的刚讲的我也不太懂，正在抄笔记。你说了句，你听课不是很认真么。那你笔记做好了给我看一下啊。我说好。你继续出去跟其他同学玩去了。如果你当时稍微注意一下，那时我的脸早就红了，我可以<a href=\"http://www.duwenzhang.com/huati/ganjue/index1.html\" target=\"_blank\" style=\"color: rgb(51, 51, 51);\">感觉</a>到我的脸正在发着烧。这该死的脸，总是不听我的控制，无缘无故的红。当然还是有点<a href=\"http://www.duwenzhang.com/huati/xurong/index1.html\" target=\"_blank\" style=\"color: rgb(51, 51, 51);\">虚荣</a>心作祟，我把那次的笔记做的格外的认真。自那以后我笔记做的都很认真。因为我不知道你什么时候会向我借笔记。后来，你经常没事就和后面的我们说话。因为你太活跃了，同桌就有点烦了，而我当时却不这么认为。我感觉你的话语总是会让我喜笑颜开。每次你还没走进教室，我都可以感觉到是你来了。而且我会不自觉的注意你的一言一行。</p><p>学校要举行秋季运动会了，我知道你报名了。你知道吗，为什么偶尔你可以在早上的操场碰到我？其实，不是偶尔， 而是我知道你报名后天天都在早上晨跑，因为我知道你会出现在那里。</p><p>我记得那天比赛，3000米的长跑马上就轮到你了，广播上叫着你的名字，你却不知道跑到哪里去了，操场上不见你的影子。操场上的我心急如焚，暗暗着急，心想你有可能还在教室，我一口气跑到教学楼四楼，却发现你不在那里。我又折回操场，幸好你在那里已经做好预备姿态了。我跟着班级其他几个同学在轨道旁边大声喊着加油，声音很大却被噪杂的说话声淹没了。最后，大家也累了就坐在地上看。而我，也不知为什么，也许是想鼓励你吧，在轨道外脱去外套让好友帮我拿着，袖子往胳膊肘上一捋，就跟在你旁边跑着，嘴里大声喊着你的名字加油，这声音震撼着我耳朵，却淹没在了热闹的人群。你向一个斗士一样，随着耳边呼呼的风声，朝着<a href=\"http://www.duwenzhang.com/huati/mubiao/index1.html\" target=\"_blank\" style=\"color: rgb(51, 51, 51);\">目标</a>奔跑着。你的好友在<a href=\"http://www.duwenzhang.com/huati/zhongdian/index1.html\" target=\"_blank\" style=\"color: rgb(51, 51, 51);\">终点</a>迎接着你。那天我记得你后来的成绩是全校第二名。多么值得高兴的日期啊！也许，那天并没有任何人注意到我，但是我的心里却自顾自的欢乐起来！</p><p>我好像真的喜欢上你了，可是在那个时候谈<a href=\"http://www.duwenzhang.com/huati/lianai/index1.html\" target=\"_blank\" style=\"color: rgb(51, 51, 51);\">恋爱</a>是不允许的，而且我也不可能向你<a href=\"http://www.duwenzhang.com/huati/biaobai/index1.html\" target=\"_blank\" style=\"color: rgb(51, 51, 51);\">表白</a>。我更<a href=\"http://www.duwenzhang.com/huati/xiwang/index1.html\" target=\"_blank\" style=\"color: rgb(51, 51, 51);\">希望</a>男生向我表白。况且在我看来那时如果谈恋爱，太自私了，花着<a href=\"http://www.duwenzhang.com/huati/fumu/index1.html\" target=\"_blank\" style=\"color: rgb(51, 51, 51);\">父母</a>的钱，还不好好学习。为此那时的我经常感到深深的自责，脑袋却不听话的经常冒出你的样子。</p><p>后来为了给高考的学生腾出考场，男生的宿舍要给那些外校生住。老师说让男生把书本放到女生宿舍。不然等我们放完假回来，书本可能会丢。那时，我的心里很希望你会向我提出请求把书本放在我那儿。可是直到那天下午你还没有跟我说。我最终还是没有耐住性子。乘着下午第三节课下课后，我在教室外的走廊对你说，你的书本要不要放到我那里啊，我那里有空的地方？还没问完，你说，你已经有地方放了。我的脸红了起来，当时我感觉这就是一场赤裸裸的表白，里面更多的是我自作多情的成分。估计那时你也觉得有些不好意思吧，看见我脸红了，也跟着红了起来。</p><p>在后来调了位子，我们隔得远了，说话的机会也就变少了。我虽然想跟你说话，但是我不愿主动去找你，而且我又不喜欢说话。一次偶然间，听你的朋友说你的<a href=\"http://www.duwenzhang.com/huati/nvpengyou/index1.html\" target=\"_blank\" style=\"color: rgb(51, 51, 51);\">女朋友</a>怎么怎么了。我心里突然间的<a href=\"http://www.duwenzhang.com/huati/nanguo/index1.html\" target=\"_blank\" style=\"color: rgb(51, 51, 51);\">难过</a>起来，原来你是有女朋友的，而我却那么的自作多情。</p><p>在后来，经过一次分班，我们不在同一个班了，我在一班，你在二班。我们的教室仅隔着一道走廊，可我感觉这隔着的不仅仅是一道走廊，而是两颗心的距离。你还是会整天嘻嘻哈哈的往我们班上跑，找你的好朋友说话，当然也包括女生。可是，却没有找过我，除非面碰面了，互相问候一下。也许在你看来我们仅仅是前后桌的关系，而我却把你刻在了心里。我无数次告诉自己别在自作多情了，可是记忆总是与我作对。</p><p>在后来，听说你辍学了，这怎么可能，我为了求证下一才，跨过了自从分班后就再也没有跨过的走廊去找你，却发现整个班级的的同学都在，唯独缺了你。若我知道及时，我真想豁出去去劝你读书。我始终不曾<a href=\"http://www.duwenzhang.com/huati/xiangxin/index1.html\" target=\"_blank\" style=\"color: rgb(51, 51, 51);\">相信</a>一个那么成绩优异的人说不读书就不读书了，我相信你一定是有什么苦衷。</p><p>在后来的后来，就再也没有你的消息了。而我也该为自己拼搏一回了，马上就高三了。我的日子也这样波澜不惊的过着，虽然我还是偶尔会想起你。</p><p>也许你至今都不曾知道有个人曾经喜欢过你。但那个会在世界的某个角落一直祝福你，希望你过得<a href=\"http://www.duwenzhang.com/huati/kaixin/index1.html\" target=\"_blank\" style=\"color: rgb(51, 51, 51);\">开心</a><a href=\"http://www.duwenzhang.com/huati/xingfu/index1.html\" target=\"_blank\" style=\"color: rgb(51, 51, 51);\">幸福</a>！若<a href=\"http://www.duwenzhang.com/huati/qingchun/index1.html\" target=\"_blank\" style=\"color: rgb(51, 51, 51);\">青春</a>可以放肆一些，我愿意大胆一回，在你<a href=\"http://www.duwenzhang.com/huati/likai/index1.html\" target=\"_blank\" style=\"color: rgb(51, 51, 51);\">离开</a>之前向你轻轻吐出：我喜欢你！也许就不会给青春留下<a href=\"http://www.duwenzhang.com/huati/yihan/index1.html\" target=\"_blank\" style=\"color: rgb(51, 51, 51);\">遗憾</a>了吧。</p>', '时间总是悄无声息的向前奔跑着，却把回忆不小心落在了后面。陌生的街道上，偶尔似曾相识的微笑却总让我心里一阵悸动，想起你。', 0, NULL, '78052');
INSERT INTO `health_document` VALUES (5, '2020-05-29 16:07:59', '2019-04-18 18:42:30', '张三', '测试文章', '<p>还可以把</p>', '还可以', 1, '2020-05-29 16:08:00', '1');

-- ----------------------------
-- Table structure for resources
-- ----------------------------
DROP TABLE IF EXISTS `resources`;
CREATE TABLE `resources`  (
  `id` int(11) NOT NULL AUTO_INCREMENT,
  `create_datetime` timestamp(0) NOT NULL DEFAULT CURRENT_TIMESTAMP(0),
  `update_datetime` timestamp(0) NOT NULL DEFAULT '2019-04-18 18:42:30' ON UPDATE CURRENT_TIMESTAMP(0),
  `icon` varchar(255) CHARACTER SET utf8 COLLATE utf8_general_ci NULL DEFAULT NULL,
  `name` varchar(255) CHARACTER SET utf8 COLLATE utf8_general_ci NOT NULL,
  `parent_id` int(11) NULL DEFAULT 0,
  `permission` varchar(255) CHARACTER SET utf8 COLLATE utf8_general_ci NULL DEFAULT NULL,
  `sort` int(11) NULL DEFAULT 0,
  `type` int(11) NULL DEFAULT 0,
  `url` varchar(255) CHARACTER SET utf8 COLLATE utf8_general_ci NULL DEFAULT NULL,
  PRIMARY KEY (`id`) USING BTREE
) ENGINE = MyISAM AUTO_INCREMENT = 9 CHARACTER SET = utf8 COLLATE = utf8_general_ci ROW_FORMAT = Dynamic;

-- ----------------------------
-- Records of resources
-- ----------------------------
INSERT INTO `resources` VALUES (1, '2019-04-16 16:29:34', '2019-04-16 16:47:44', 'iconfont icon-ai-user', '个人信息', 0, '1', 1, 0, '/selfInfo');
INSERT INTO `resources` VALUES (2, '2019-04-16 16:30:06', '2019-04-16 16:48:17', 'iconfont icon-tubiaozhizuomoban', '健康知识阅读', 0, '1', 4, 0, '/knowledge');
INSERT INTO `resources` VALUES (3, '2019-04-16 16:30:31', '2019-04-16 16:47:55', 'iconfont icon-gerendangan', '个人健康档案', 0, '1', 2, 0, '/selfHealth');
INSERT INTO `resources` VALUES (4, '2019-04-16 16:31:03', '2019-04-16 16:48:27', 'iconfont icon-danganguanli', '健康档案管理', 0, '1', 5, 0, '/healthManage');
INSERT INTO `resources` VALUES (5, '2019-04-16 16:31:25', '2019-04-16 16:48:09', 'iconfont icon-jianyi', '健康建议', 0, '1', 3, 0, '/healthSuggest');
INSERT INTO `resources` VALUES (6, '2019-04-16 16:31:44', '2019-04-16 16:48:49', 'iconfont icon-yonghuguanli', '用户信息管理', 0, '1', 7, 0, '/users');
INSERT INTO `resources` VALUES (7, '2019-04-16 16:32:04', '2019-04-16 16:48:56', 'iconfont icon-quanxianguanli', '权限管理', 0, '1', 8, 0, '/permission');
INSERT INTO `resources` VALUES (8, '2019-04-16 16:32:23', '2019-04-16 16:48:40', 'iconfont icon-navicon-jsgl', '角色管理', 0, '1', 6, 0, '/roleManage');
INSERT INTO `resources` VALUES (9, '2020-05-29 15:41:18', '2019-04-18 18:42:30', NULL, '新增', 2, 'healthDocument:add', 0, 1, NULL);
INSERT INTO `resources` VALUES (10, '2020-05-29 15:41:39', '2019-04-18 18:42:30', NULL, '修改', 2, 'healthDocument:update', 0, 1, '');
INSERT INTO `resources` VALUES (11, '2020-05-29 15:41:54', '2019-04-18 18:42:30', NULL, '删除', 2, 'healthDocument:delete', 0, 1, NULL);
INSERT INTO `resources` VALUES (12, '2020-05-29 15:42:20', '2019-04-18 18:42:30', NULL, '新增', 8, 'role:add', 0, 1, NULL);
INSERT INTO `resources` VALUES (13, '2020-05-29 15:42:35', '2019-04-18 18:42:30', NULL, '修改', 8, 'role:update', 0, 1, NULL);
INSERT INTO `resources` VALUES (14, '2020-05-29 15:42:48', '2019-04-18 18:42:30', NULL, '删除', 8, 'role:delete', 0, 1, NULL);
INSERT INTO `resources` VALUES (15, '2020-05-29 15:43:12', '2019-04-18 18:42:30', NULL, '新增', 7, 'resource:add', 0, 1, NULL);
INSERT INTO `resources` VALUES (16, '2020-05-29 15:43:23', '2019-04-18 18:42:30', NULL, '修改', 7, 'resource:update', 0, 0, NULL);
INSERT INTO `resources` VALUES (17, '2020-05-29 15:43:40', '2019-04-18 18:42:30', NULL, '删除', 7, 'resource:delete', 0, 1, NULL);
INSERT INTO `resources` VALUES (18, '2020-05-29 15:44:09', '2020-05-29 15:45:19', NULL, '新增', 5, 'suggestion:add', 0, 1, NULL);
INSERT INTO `resources` VALUES (21, '2020-05-29 15:46:06', '2020-05-29 16:03:15', NULL, '新增', 4, 'checkInfo:add', 0, 1, NULL);
INSERT INTO `resources` VALUES (22, '2020-05-29 15:46:19', '2020-05-29 16:03:05', NULL, '修改', 4, 'checkInfo:update', 0, 1, NULL);
INSERT INTO `resources` VALUES (23, '2020-05-29 15:46:35', '2020-05-29 16:03:23', NULL, '删除', 4, 'checkInfo:delete', 0, 1, NULL);

-- ----------------------------
-- Table structure for role
-- ----------------------------
DROP TABLE IF EXISTS `role`;
CREATE TABLE `role`  (
  `id` int(11) NOT NULL AUTO_INCREMENT,
  `create_datetime` timestamp(0) NOT NULL DEFAULT CURRENT_TIMESTAMP(0),
  `update_datetime` timestamp(0) NOT NULL DEFAULT '2019-04-18 18:42:30' ON UPDATE CURRENT_TIMESTAMP(0),
  `remark` varchar(255) CHARACTER SET utf8 COLLATE utf8_general_ci NULL DEFAULT NULL,
  `role_name` varchar(255) CHARACTER SET utf8 COLLATE utf8_general_ci NOT NULL,
  PRIMARY KEY (`id`) USING BTREE
) ENGINE = MyISAM AUTO_INCREMENT = 8 CHARACTER SET = utf8 COLLATE = utf8_general_ci ROW_FORMAT = Dynamic;

-- ----------------------------
-- Records of role
-- ----------------------------
INSERT INTO `role` VALUES (1, '2019-04-16 16:32:52', '2019-04-18 17:56:10', '拥有系统最高权限', '管理员');
INSERT INTO `role` VALUES (2, '2019-04-16 16:32:59', '2019-04-18 17:56:31', '重庆交通大学学生', '学生');
INSERT INTO `role` VALUES (3, '2019-04-16 16:33:06', '2019-04-18 17:57:03', '每个学员相应的辅导员', '辅导员');
INSERT INTO `role` VALUES (4, '2019-04-18 17:57:33', '2019-04-18 17:57:49', '医院的医生们', '五官科医生');
INSERT INTO `role` VALUES (5, '2019-04-18 19:43:00', '2019-04-18 19:44:58', '内科医生', '内科医生');
INSERT INTO `role` VALUES (6, '2019-04-18 19:43:15', '2019-04-18 19:45:04', '外科的医生', '外科医生');
INSERT INTO `role` VALUES (7, '2019-04-18 19:44:48', '2019-04-18 19:45:18', '填写体检表的最后内容的医生角色', '其他科医生');

-- ----------------------------
-- Table structure for role_resource_bind
-- ----------------------------
DROP TABLE IF EXISTS `role_resource_bind`;
CREATE TABLE `role_resource_bind`  (
  `id` int(11) NOT NULL AUTO_INCREMENT,
  `create_datetime` timestamp(0) NOT NULL DEFAULT CURRENT_TIMESTAMP(0),
  `update_datetime` timestamp(0) NOT NULL DEFAULT '2019-04-18 18:42:30' ON UPDATE CURRENT_TIMESTAMP(0),
  `resource_id` int(11) NOT NULL,
  `role_id` int(11) NOT NULL,
  PRIMARY KEY (`id`) USING BTREE
) ENGINE = MyISAM AUTO_INCREMENT = 9 CHARACTER SET = utf8 COLLATE = utf8_general_ci ROW_FORMAT = Fixed;

-- ----------------------------
-- Records of role_resource_bind
-- ----------------------------
INSERT INTO `role_resource_bind` VALUES (1, '2019-04-16 16:33:20', '2019-04-18 18:42:30', 1, 1);
INSERT INTO `role_resource_bind` VALUES (32, '2020-05-29 15:58:08', '2019-04-18 18:42:30', 2, 1);
INSERT INTO `role_resource_bind` VALUES (24, '2020-05-29 15:57:40', '2019-04-18 18:42:30', 3, 1);
INSERT INTO `role_resource_bind` VALUES (39, '2020-05-29 15:58:17', '2019-04-18 18:42:30', 4, 1);
INSERT INTO `role_resource_bind` VALUES (26, '2020-05-29 15:57:57', '2019-04-18 18:42:30', 5, 1);
INSERT INTO `role_resource_bind` VALUES (46, '2020-05-29 15:58:37', '2019-04-18 18:42:30', 6, 1);
INSERT INTO `role_resource_bind` VALUES (7, '2019-04-16 16:33:55', '2019-04-18 18:42:30', 7, 1);
INSERT INTO `role_resource_bind` VALUES (8, '2019-04-16 16:34:03', '2019-04-18 18:42:30', 8, 1);
INSERT INTO `role_resource_bind` VALUES (57, '2020-05-29 16:00:20', '2019-04-18 18:42:30', 9, 1);
INSERT INTO `role_resource_bind` VALUES (63, '2020-05-29 16:00:31', '2019-04-18 18:42:30', 10, 1);
INSERT INTO `role_resource_bind` VALUES (69, '2020-05-29 16:00:40', '2019-04-18 18:42:30', 11, 1);
INSERT INTO `role_resource_bind` VALUES (12, '2020-05-29 15:42:20', '2019-04-18 18:42:30', 12, 1);
INSERT INTO `role_resource_bind` VALUES (13, '2020-05-29 15:42:35', '2019-04-18 18:42:30', 13, 1);
INSERT INTO `role_resource_bind` VALUES (14, '2020-05-29 15:42:48', '2019-04-18 18:42:30', 14, 1);
INSERT INTO `role_resource_bind` VALUES (15, '2020-05-29 15:43:12', '2019-04-18 18:42:30', 15, 1);
INSERT INTO `role_resource_bind` VALUES (16, '2020-05-29 15:43:23', '2019-04-18 18:42:30', 16, 1);
INSERT INTO `role_resource_bind` VALUES (17, '2020-05-29 15:43:40', '2019-04-18 18:42:30', 17, 1);
INSERT INTO `role_resource_bind` VALUES (18, '2020-05-29 15:44:09', '2019-04-18 18:42:30', 18, 1);
INSERT INTO `role_resource_bind` VALUES (19, '2020-05-29 15:44:24', '2019-04-18 18:42:30', 19, 1);
INSERT INTO `role_resource_bind` VALUES (20, '2020-05-29 15:44:39', '2019-04-18 18:42:30', 20, 1);
INSERT INTO `role_resource_bind` VALUES (75, '2020-05-29 16:04:02', '2019-04-18 18:42:30', 21, 1);
INSERT INTO `role_resource_bind` VALUES (52, '2020-05-29 15:59:54', '2019-04-18 18:42:30', 22, 1);
INSERT INTO `role_resource_bind` VALUES (23, '2020-05-29 15:46:35', '2019-04-18 18:42:30', 23, 1);
INSERT INTO `role_resource_bind` VALUES (25, '2020-05-29 15:57:40', '2019-04-18 18:42:30', 3, 2);
INSERT INTO `role_resource_bind` VALUES (27, '2020-05-29 15:57:57', '2019-04-18 18:42:30', 5, 4);
INSERT INTO `role_resource_bind` VALUES (28, '2020-05-29 15:57:57', '2019-04-18 18:42:30', 5, 5);
INSERT INTO `role_resource_bind` VALUES (29, '2020-05-29 15:57:57', '2019-04-18 18:42:30', 5, 6);
INSERT INTO `role_resource_bind` VALUES (30, '2020-05-29 15:57:57', '2019-04-18 18:42:30', 5, 7);
INSERT INTO `role_resource_bind` VALUES (31, '2020-05-29 15:57:57', '2019-04-18 18:42:30', 5, 3);
INSERT INTO `role_resource_bind` VALUES (33, '2020-05-29 15:58:08', '2019-04-18 18:42:30', 2, 2);
INSERT INTO `role_resource_bind` VALUES (34, '2020-05-29 15:58:08', '2019-04-18 18:42:30', 2, 3);
INSERT INTO `role_resource_bind` VALUES (35, '2020-05-29 15:58:08', '2019-04-18 18:42:30', 2, 4);
INSERT INTO `role_resource_bind` VALUES (36, '2020-05-29 15:58:08', '2019-04-18 18:42:30', 2, 5);
INSERT INTO `role_resource_bind` VALUES (37, '2020-05-29 15:58:08', '2019-04-18 18:42:30', 2, 6);
INSERT INTO `role_resource_bind` VALUES (38, '2020-05-29 15:58:08', '2019-04-18 18:42:30', 2, 7);
INSERT INTO `role_resource_bind` VALUES (40, '2020-05-29 15:58:17', '2019-04-18 18:42:30', 4, 2);
INSERT INTO `role_resource_bind` VALUES (41, '2020-05-29 15:58:17', '2019-04-18 18:42:30', 4, 3);
INSERT INTO `role_resource_bind` VALUES (42, '2020-05-29 15:58:17', '2019-04-18 18:42:30', 4, 4);
INSERT INTO `role_resource_bind` VALUES (43, '2020-05-29 15:58:17', '2019-04-18 18:42:30', 4, 5);
INSERT INTO `role_resource_bind` VALUES (44, '2020-05-29 15:58:17', '2019-04-18 18:42:30', 4, 6);
INSERT INTO `role_resource_bind` VALUES (45, '2020-05-29 15:58:17', '2019-04-18 18:42:30', 4, 7);
INSERT INTO `role_resource_bind` VALUES (47, '2020-05-29 15:58:37', '2019-04-18 18:42:30', 6, 3);
INSERT INTO `role_resource_bind` VALUES (48, '2020-05-29 15:58:37', '2019-04-18 18:42:30', 6, 6);
INSERT INTO `role_resource_bind` VALUES (49, '2020-05-29 15:58:37', '2019-04-18 18:42:30', 6, 7);
INSERT INTO `role_resource_bind` VALUES (50, '2020-05-29 15:58:37', '2019-04-18 18:42:30', 6, 5);
INSERT INTO `role_resource_bind` VALUES (51, '2020-05-29 15:58:37', '2019-04-18 18:42:30', 6, 4);
INSERT INTO `role_resource_bind` VALUES (53, '2020-05-29 15:59:54', '2019-04-18 18:42:30', 22, 4);
INSERT INTO `role_resource_bind` VALUES (54, '2020-05-29 15:59:54', '2019-04-18 18:42:30', 22, 5);
INSERT INTO `role_resource_bind` VALUES (55, '2020-05-29 15:59:54', '2019-04-18 18:42:30', 22, 6);
INSERT INTO `role_resource_bind` VALUES (56, '2020-05-29 15:59:54', '2019-04-18 18:42:30', 22, 7);
INSERT INTO `role_resource_bind` VALUES (58, '2020-05-29 16:00:20', '2019-04-18 18:42:30', 9, 3);
INSERT INTO `role_resource_bind` VALUES (59, '2020-05-29 16:00:20', '2019-04-18 18:42:30', 9, 4);
INSERT INTO `role_resource_bind` VALUES (60, '2020-05-29 16:00:20', '2019-04-18 18:42:30', 9, 5);
INSERT INTO `role_resource_bind` VALUES (61, '2020-05-29 16:00:20', '2019-04-18 18:42:30', 9, 6);
INSERT INTO `role_resource_bind` VALUES (62, '2020-05-29 16:00:20', '2019-04-18 18:42:30', 9, 7);
INSERT INTO `role_resource_bind` VALUES (64, '2020-05-29 16:00:31', '2019-04-18 18:42:30', 10, 3);
INSERT INTO `role_resource_bind` VALUES (65, '2020-05-29 16:00:31', '2019-04-18 18:42:30', 10, 4);
INSERT INTO `role_resource_bind` VALUES (66, '2020-05-29 16:00:31', '2019-04-18 18:42:30', 10, 5);
INSERT INTO `role_resource_bind` VALUES (67, '2020-05-29 16:00:31', '2019-04-18 18:42:30', 10, 6);
INSERT INTO `role_resource_bind` VALUES (68, '2020-05-29 16:00:31', '2019-04-18 18:42:30', 10, 7);
INSERT INTO `role_resource_bind` VALUES (70, '2020-05-29 16:00:40', '2019-04-18 18:42:30', 11, 3);
INSERT INTO `role_resource_bind` VALUES (71, '2020-05-29 16:00:40', '2019-04-18 18:42:30', 11, 4);
INSERT INTO `role_resource_bind` VALUES (72, '2020-05-29 16:00:40', '2019-04-18 18:42:30', 11, 5);
INSERT INTO `role_resource_bind` VALUES (73, '2020-05-29 16:00:40', '2019-04-18 18:42:30', 11, 6);
INSERT INTO `role_resource_bind` VALUES (74, '2020-05-29 16:00:40', '2019-04-18 18:42:30', 11, 7);
INSERT INTO `role_resource_bind` VALUES (76, '2020-05-29 16:04:02', '2019-04-18 18:42:30', 21, 2);
INSERT INTO `role_resource_bind` VALUES (77, '2020-05-29 16:04:02', '2019-04-18 18:42:30', 21, 3);
INSERT INTO `role_resource_bind` VALUES (78, '2020-05-29 16:04:02', '2019-04-18 18:42:30', 21, 4);
INSERT INTO `role_resource_bind` VALUES (79, '2020-05-29 16:04:02', '2019-04-18 18:42:30', 21, 5);
INSERT INTO `role_resource_bind` VALUES (80, '2020-05-29 16:04:02', '2019-04-18 18:42:30', 21, 6);
INSERT INTO `role_resource_bind` VALUES (81, '2020-05-29 16:04:02', '2019-04-18 18:42:30', 21, 7);

-- ----------------------------
-- Table structure for suggestion
-- ----------------------------
DROP TABLE IF EXISTS `suggestion`;
CREATE TABLE `suggestion`  (
  `id` int(11) NOT NULL AUTO_INCREMENT,
  `create_datetime` timestamp(0) NOT NULL DEFAULT CURRENT_TIMESTAMP(0),
  `update_datetime` timestamp(0) NOT NULL DEFAULT '2019-04-18 18:42:30' ON UPDATE CURRENT_TIMESTAMP(0),
  `check_info_id` int(11) NOT NULL,
  `content` varchar(255) CHARACTER SET utf8 COLLATE utf8_general_ci NOT NULL,
  `doctor_id` int(11) NOT NULL,
  `is_read` int(11) NULL DEFAULT 0,
  `office` varchar(255) CHARACTER SET utf8 COLLATE utf8_general_ci NOT NULL,
  `user_id` int(11) NULL DEFAULT NULL,
  PRIMARY KEY (`id`) USING BTREE
) ENGINE = MyISAM AUTO_INCREMENT = 1 CHARACTER SET = utf8 COLLATE = utf8_general_ci ROW_FORMAT = Dynamic;

-- ----------------------------
-- Records of suggestion
-- ----------------------------

-- ----------------------------
-- Table structure for system_info
-- ----------------------------
DROP TABLE IF EXISTS `system_info`;
CREATE TABLE `system_info`  (
  `id` int(11) NOT NULL AUTO_INCREMENT,
  `create_datetime` timestamp(0) NOT NULL DEFAULT CURRENT_TIMESTAMP(0),
  `update_datetime` timestamp(0) NOT NULL DEFAULT '2019-04-18 18:42:30' ON UPDATE CURRENT_TIMESTAMP(0),
  `notice` varchar(255) CHARACTER SET utf8 COLLATE utf8_general_ci NULL DEFAULT NULL,
  `system_name` varchar(255) CHARACTER SET utf8 COLLATE utf8_general_ci NOT NULL,
  `version` varchar(255) CHARACTER SET utf8 COLLATE utf8_general_ci NULL DEFAULT NULL,
  PRIMARY KEY (`id`) USING BTREE
) ENGINE = MyISAM AUTO_INCREMENT = 1 CHARACTER SET = utf8 COLLATE = utf8_general_ci ROW_FORMAT = Dynamic;

-- ----------------------------
-- Records of system_info
-- ----------------------------

-- ----------------------------
-- Table structure for user
-- ----------------------------
DROP TABLE IF EXISTS `user`;
CREATE TABLE `user`  (
  `id` int(11) NOT NULL AUTO_INCREMENT,
  `create_datetime` timestamp(0) NOT NULL DEFAULT CURRENT_TIMESTAMP(0),
  `update_datetime` timestamp(0) NOT NULL DEFAULT '2019-04-18 18:42:30' ON UPDATE CURRENT_TIMESTAMP(0),
  `birth` datetime(0) NULL DEFAULT NULL,
  `college` varchar(255) CHARACTER SET utf8 COLLATE utf8_general_ci NULL DEFAULT NULL,
  `grade` varchar(255) CHARACTER SET utf8 COLLATE utf8_general_ci NULL DEFAULT NULL,
  `major` varchar(255) CHARACTER SET utf8 COLLATE utf8_general_ci NULL DEFAULT NULL,
  `name` varchar(255) CHARACTER SET utf8 COLLATE utf8_general_ci NULL DEFAULT NULL,
  `password` varchar(255) CHARACTER SET utf8 COLLATE utf8_general_ci NULL DEFAULT NULL,
  `role_id` int(11) NULL DEFAULT NULL,
  `sex` varchar(255) CHARACTER SET utf8 COLLATE utf8_general_ci NULL DEFAULT NULL,
  `stu_no` varchar(255) CHARACTER SET utf8 COLLATE utf8_general_ci NULL DEFAULT NULL,
  `username` varchar(255) CHARACTER SET utf8 COLLATE utf8_general_ci NULL DEFAULT NULL,
  `culture_level` varchar(255) CHARACTER SET utf8 COLLATE utf8_general_ci NULL DEFAULT NULL,
  `nation` varchar(255) CHARACTER SET utf8 COLLATE utf8_general_ci NULL DEFAULT NULL,
  `native_place` varchar(255) CHARACTER SET utf8 COLLATE utf8_general_ci NULL DEFAULT NULL,
  `occupation` varchar(255) CHARACTER SET utf8 COLLATE utf8_general_ci NULL DEFAULT NULL,
  `present_address` varchar(255) CHARACTER SET utf8 COLLATE utf8_general_ci NULL DEFAULT NULL,
  `work_place` varchar(255) CHARACTER SET utf8 COLLATE utf8_general_ci NULL DEFAULT NULL,
  `photo` longtext CHARACTER SET utf8 COLLATE utf8_general_ci NULL,
  `real_age` int(11) NULL DEFAULT NULL,
  `teacher_id` int(11) NULL DEFAULT NULL,
  PRIMARY KEY (`id`) USING BTREE
) ENGINE = MyISAM AUTO_INCREMENT = 3 CHARACTER SET = utf8 COLLATE = utf8_general_ci ROW_FORMAT = Dynamic;

-- ----------------------------
-- Records of user
-- ----------------------------
INSERT INTO `user` VALUES (1, '2019-04-16 16:34:42', '2019-04-16 16:36:49', NULL, '信息科学与工程学院', '一班', '物联网工程', '彭于晏', '7bc28863477b00f47251c8ec7df8e5b5', 1, '女', '631507030103', 'admin', NULL, NULL, NULL, NULL, NULL, NULL, 'data:image/jpeg;base64,/9j/4AAQSkZJRgABAQEAYABgAAD/2wBDAA0JCgsKCA0LCwsPDg0QFCEVFBISFCgdHhghMCoyMS8q\r\nLi00O0tANDhHOS0uQllCR05QVFVUMz9dY1xSYktTVFH/2wBDAQ4PDxQRFCcVFSdRNi42UVFRUVFR\r\nUVFRUVFRUVFRUVFRUVFRUVFRUVFRUVFRUVFRUVFRUVFRUVFRUVFRUVFRUVH/wAARCAGVAtADASIA\r\nAhEBAxEB/8QAHwAAAQUBAQEBAQEAAAAAAAAAAAECAwQFBgcICQoL/8QAtRAAAgEDAwIEAwUFBAQA\r\nAAF9AQIDAAQRBRIhMUEGE1FhByJxFDKBkaEII0KxwRVS0fAkM2JyggkKFhcYGRolJicoKSo0NTY3\r\nODk6Q0RFRkdISUpTVFVWV1hZWmNkZWZnaGlqc3R1dnd4eXqDhIWGh4iJipKTlJWWl5iZmqKjpKWm\r\np6ipqrKztLW2t7i5usLDxMXGx8jJytLT1NXW19jZ2uHi4+Tl5ufo6erx8vP09fb3+Pn6/8QAHwEA\r\nAwEBAQEBAQEBAQAAAAAAAAECAwQFBgcICQoL/8QAtREAAgECBAQDBAcFBAQAAQJ3AAECAxEEBSEx\r\nBhJBUQdhcRMiMoEIFEKRobHBCSMzUvAVYnLRChYkNOEl8RcYGRomJygpKjU2Nzg5OkNERUZHSElK\r\nU1RVVldYWVpjZGVmZ2hpanN0dXZ3eHl6goOEhYaHiImKkpOUlZaXmJmaoqOkpaanqKmqsrO0tba3\r\nuLm6wsPExcbHyMnK0tPU1dbX2Nna4uPk5ebn6Onq8vP09fb3+Pn6/9oADAMBAAIRAxEAPwDzR23U\r\nsSk9KjNPikKNmri9dRMmMTd0NN8s9ApNWftAKjgU4zhVzjJrp5IszuymSYxjGDTQSDkdadKfMbJp\r\nMccdaye5YwsWPJqc7Vh2jkmmCLIyKjbIOKn4dw3JI2UZDUxwCeOlNVSxpWOOKlu6HYbS0gp2KmwB\r\nxSg88Ck4pykKyk+tUkBYaMrjdUUjkd6mmmD49BVVslhWstFoShfMLDBNGeKJFVcAHJpYSolXcMj0\r\nrPUodbIfMBKk1bupNy7SgAqw0yBfljC/Ss+4mZ26YFPYAjiQLuY04Ax/vI8U0keSMdaap3IQTVq1\r\nhE423C5Y4aq8yheBSICuSDTGcs3NLm7hYQA9RTh196VcHip1jBwAOaSVgG72K4PSoSQGyKvSWjCM\r\nMAcepqlJEVpSGiTc0i8kVFtOcVJBknGaSY7WwBVJ6aiHrIsfAGake7eUbBVMN83NPjy0ygdSaTnf\r\nRBYn2Oi5JxTOWBGc1ZvCqKF6mqm7Hah6aASQxg/WrOeAtLpkAuJcMcVdl09lusDoO9XFaXRLZm3N\r\npIVDKpP0qntKnDDB966xbmCGMQhVJ7msjV1g3DZjPtQ4dRqRmoPnHcVoi4aOPb5Yx6+tVbdVyDnn\r\n3pbhpOg6VKVhkE77pNwXFSGL5VkxmmpG8zYCkkelTSExr5bDBoS6gMmkDKOAMdqqkk0rqwOTnFJk\r\nUm7ggCM3QVMlozLuJAFNikIOKlZ8cbuKSS3HcrupQ461GamkHvmoTUyBAOeKsooWIscVXA5qRn+X\r\nFVDQGNGC1SIcHkVDk1KgJYZ4ppsB0iM/IHFRLwcEVYkbbhQeKgbr1pPe4CvGNuQajAweafv4waTI\r\npuz1EOfG0Yp0Kg/eHFRMTT1ZgvFJvUZJMI9vyDBqANilZiRTBSvroFhScmiinYGKFqA0cGpOWXjp\r\nTQtSIxXgDmqUWK5JbROQSDg0k+/oTQrOmSQQKiZgzZFD00GRmgDNOK+tKvymko66hcauVOcU55CT\r\n0FDN6CmFjQ9NgFzvOKc0RUdaWBQz4NSSMASOTU2vqBW6UZpXxnikxUjDJFSeaxXaTxUdFO4Dic1I\r\nnyjIxUOacGyMGhMQrtuNIi7jik+lSQrzmjcZPb25zkiorg5cirYkCQ1QlYliap6IBg61IzAKBio6\r\nXdxUpgGfagjFJmlZt1ACYJpRkc1PayRIT5i59KZM4Z/lAAqlFWvcVxrMz/epvSntINoAFR0mA+Xb\r\nu+XpUdOOKbUsaJImAYbulTtMmMAVXAGM5pK1jJpWJauKWyaVWplTW8XmyBc4FSrtj2ERznFEyFTz\r\nWulnAANp+bFU76PCg4rV02okKV2UASKVUL9KbUsDYasYq7sy3oN8sr1o2k1ZkUMuai2mtJQ5SU7k\r\nYU5FLgu2AOKV/lPvVhYzFAG7tRCF2DdiHGXCnpRMoWTC05OpY1HNndk0TBEZyW9acpw2RVm1g8xW\r\nwMtT1spQwXb8zHAqVG42xoY+XjOSe1PsrYzsd4wo5JPSuptfCSxaYbqZtznnHYVzl6JIgUXgLkZF\r\nXa2rFe5WuPLjkKocioFOKjyS3qakIIpRd9RskeQbcYFQFCee1aVlpxu7ZpFOSvaqc0bQttYU5K+r\r\nEn0IQGFT27MZABwaYCMU5HCyDFTawy/PNJFCF3Z9azy53c0+c7mBzUG7LUmxkqqwJKg49abIwPUc\r\n1tafbxyWLM/BxVaSxiVS+R1rRw7E3IYLWE2vmO3z+lFvZsA0xGFXpmq7yEOAOmavXWoA2qwp+NEe\r\nXqDM+Vy0nNXbezikhLO+DVSG3knlCoMnrVqQtbfunUhqh66jRGjm0uAytwPSt4XK3Fpv3AECudnZ\r\nWXPQ0ltcGPKZ4NOMraCauSm5HnHJNV5WeWTjLGr2l6b9tuC7nEQNdrp2k2AChY1JHerSclqS3Y4q\r\nDSrkwiVgVHXmoZkbOCcV6XPo8Uq4JCp6VxniSC1tX2Qfe9qckraApMr6J5cU3zgN9at3eizX91mA\r\nAfWszRpB9rVWOAa7mC28tRJHJjPpVRScSZNpnM6ho62lntfBcDGRXLupRiK7DxIW2Fmk5rkGkyee\r\namqkkVBtiR8GnNIPSlWRf7tOdlIzgVilpoWQls02pAu401lKmk4u1x3HIvBJpAAWxQW+XApUXPNO\r\nIFhYlwDnPtRIwCgAVFuI4Boyc8/rW7atYhDGfPUU2lfGaZmuZljqAMnim1Ih29qI6sGOZNwHc0pG\r\nxMYqSMZFX7fSprlNyqT7CupUk1czc7bmMQaMEV0sXhe7ZfMlZYk96zLyxitpGQThmU4rN0bDVRPQ\r\nzgATzT9hHQUwghqsWqmW4jiAyCaiPYpl/SdFub9gVUha6A6ZYaWVN0oLe9bVoY9O0xSAAxHWuW8Q\r\nXcd4SyvzXVFWM2zS1LTdMurMSwMF4zjPNcn9nhS42sx25606O9kVAm47TxUczpJwiYPrWU7DVzeg\r\n0iC6gHlEN9KzNR0Se0ywBK0aTqculzhm5T0rWuPEkFz8rIMGnzRluGqOSIIYg0mKsXoU3BZPunpU\r\nW3FYuOpdxEyGyK7BdA0i2tYLXVr02+o3UbSBvMUJBgZUMD65/Q49a5A8V6HpF+Vs/DWoXtxiNEuo\r\nnnkPCkkBAT9F/SplohowLrwTfRFVhura5k81YpVjY5i3fdJ9iCPzqWTwWII/Nn1uwig3eX5hY43j\r\nOV/DFdd58Fr4i1NbqZYPtEtvNCX4EiqoB2+pyOlVLXW49K0GS43ASz3s6QxyfKCxc8sT0A71FxmR\r\npmiafpthqWoi60/V5LeHciY3qh/2hnnNM1nwzYahqko0jUbGO4YDFkGx8wHIGOnfitmf7GvhbVlt\r\n9Qgvrh4GkuZkcMzufbso6AVc1cBY9ORVVVg1G1WMAAbQQMgfmaQHGJ4OESY1HWLSzuAoZoT85QEf\r\nxY6U7/hCJ0AafVbCJH+aJi5xIgwSw+gIrsI9QI1HUI3u7bT5TOyrB9n3STAAAP1+bI9BWfoqhl8J\r\nswBK29yy57HC0Acnqnhl7OxkvbO/gv4ISFm8rho89Mr6U/SvDct1ZR3l5fQWEExIh83lpMdSF9K7\r\nO5jS6utUFxMIkl0mJpZdm7H3stgdcCmsi6ZPYMbxIYRpTW8F464RZMqVY56EjnB+lO4HNN4QupsP\r\na6lZT2akiS437RFjruHamN4OS4ATT9atLqcjcsXKlx7HvXW6k0OoeH9VexgaVy0RlmRfludpUsVG\r\neRtBHv70tzeQ6jqNhHZ3kd2y6gsyrFyYYRGQQx7c56+uO1FwOQfwhbQNsufEVhFJkptzn5hwQfTB\r\n4oPg3czW0Os2M2oKObVW5yOoB9fwrqoYo/8AhHPE58tctNeljjqRnH5VPdRpHYeGtiKu27hAwMYB\r\niYn86QHlckfl5VgQ44IIwQahNaWu4/tzUBjH+kyf+hGs7AqmIbS0UUhiUUUuKACnRgFuelNoHFNP\r\nURMYs8r0ppGODTo3NOIDVvZSV0TexARU9vwwOcVGVx1ppJHQ1Hwu49zQEzK/DUl2XkTOOKz959al\r\nFy4Qrniq9omrE8tiGnpQq7jmpRGKyS6ltkkbblxUcxK1Zs4leTDHAp+oQRKoMTbhXT8UTPZlBPnc\r\nd6nmctgE0kKhYyT1puQWJPNKPuxHuxGO3ao/GiYFmUDmmE5lyeBV5TCAMnBrJe8N6BbvJaxAhRk0\r\nsuoy5HZh0NQzOW5DcVVyzNjqabdtEM7TTPEbf2YyzfM2MViXMqzOzMMbqpRloY+OtAaR/mbIFbNa\r\nEXImjCMWqJiWJ4qWRizADrWrbab/AMSp5WwT1pcvRBfqM8P3BiaRM4qXWLYSYMa/MT0FZdoWSQ4O\r\nOxq9PePHtA5Ze9K+lmHW5Xj0xomBuPlXHSkS3ia42A4FNk1GeeU+Ycj0ohYB/MJrPToWLe2kcP3H\r\nzVvSNOSeMyHBI5xVZmjdSScmpdIu2t7gxg/K3FOKSYmW/NWOQxAYX0qGYBwRuAUc/WnalE0cnmg8\r\nNzWb5jM3BOfSt15kj2iRgcEf41VWFnk2rzUpV2baOD6Vo2dhKpRgpJb1/nWMkrjRWigu4GEkfykd\r\n6Vn86TExJb1roXhkWPbKoAIrFurXDloxnvSlboUitcWLnG05FLa2MIJaeTp2FXrdTJbsFOXAzWTJ\r\nIyTEMMYNCUbXYmztNI04TR/INqe1X3eCwbiTjuaxrLXBFp4jTg4rLbU1uHaOY4JOBV8yjsTy3N/U\r\nPEZdRBbjcx4wKg0/SBdsZbs5Zu5pkFlaRWO9ZAD1yetSWGoxQLtacMaSkJrsZeu6O1jJ5tuMYPan\r\n6RrEq4jlbHbmtrULiO5gPIPFcjdxGFy6dK0tbVErXRmr4iKXDKEfjjNUV0+x8nJkO6tDSLRbizNz\r\ncAkds+lVrie3+ZY4yDms5Pmdy4qxhXESxyEI2RSxoWHQmrflpLIBjHrW1DHYQ22CQWqErF7mAtu4\r\nwQBUcwUjGOa0LmSJZMo3y+lZ8gDOQDVXsrC6lYDJxVpIcLkkAVWIKNSl3bvWUXYonZo06cmrlpp7\r\nXEBmkbYvaq1jAsjlpBkL+tWpL1ifLVSIxxgDr71ou7JM2dAkhAOR61FVufY2TtIqK2t3uJljQday\r\ncdSiHBpwOeK7az8P2aaefMYGUjNcpc24humjYcZrRU2iea4+ziWTAL4ro7W7FjGOc45PvXPIiwAN\r\nglfUVKLiKX5dxH410KaSszKUbu5tahq0+ossaMUTvj0rmr0xCVtmTyetX47pYmMQwT03Csy4jfzi\r\nMdazlL3dAhGz1JrK0+1KwzgirWnqun6gkk3K561HBG9vEWyQTUTpLIpZj8tJK2po9TvNT1GxudNH\r\nlsAcdK8+uFkWVsg4zUkcrJwTwKnfUVMe0xg++Kpy0sJIqIwxhhSNIFbCih7jzDwuKaRtkDEcVk3f\r\nYqw8xtIm4tVdgVPWrkkyhQAO1V3AYcA1Ml2Ghu7IGTzS0wDBGalIBGKFILERrQ0vXtU0hXSwu2hR\r\nzll2hhn1wQaz2Ur1poqWxnQxeMPEKhgNSb5iScxof6cU7/hMvEQORqR9P9Un/wATXOgkUu407oDe\r\nPjXxESpOpH5TkYiQf+y81BD4p1u3uJ54r9xJOQZCVUgkDHQjA49Kx8U4YY81Izfg8WeJfL2JqLlR\r\n6xoT+ZFNufFXiRoZI5NRfbICG2oin8CBkfhWZHLJGuEHBqKV5GPNOyA0rbxZr1rbwwQ6gyxQjCLs\r\nU4HTHI5/Gnp4w16OV5E1Fw0mC2VVh0xwCMD8KwiMGkqQNmbxRrs11FcvqMnmRZ2EAADPXgDBqWbx\r\nj4hmj2PqT4/2Y0U/mBWGFzQoycUWA3P+Et8QSXEcx1J98YIXCKBz6jGD070q+LdejkkddSkzKQWy\r\nqntjjjj8KxmIVcCmCtLJaEjpZGkdndizMclickn1qOnEA0lS0MQjFFL1paVgDbjBNOJBxik3cYpP\r\ncVYDaKUKT2qWO3d+gqErg2MXhTSK+KmuIfJAU9ar07tBuThg/BpkiYFMBqVGzwwzWifMrMWxBS1I\r\n8RHSmorOwVQSx4AFZOLTGncEOKm3YGattot/FGJJISq+9JLpl2tv5vlHZ69K0UZJEtq5DA+7cucE\r\n1JBIqK8cg3E9Ceai09A9x83QcmphGZLhig4H5VdNsmSI5DtGB0qKOMyHinXCshIYYxUUUrK4K06k\r\ntbDitCeOESXAWQhB61Jd2iI2YpNwp0kRmIkJ+uKikZCBGCRjvUWQ0VtrBsZp6ARtuJzTlhaWXanP\r\nvTZYzE20jmiMbahfoWrRWurlEx8ueav6sLeFAkTZbuRVOwu/IjIxg+tVLiXfITnOa25rK7ItdjBl\r\nmyK1LXUJFt3gY53Cs1FcthRmr0FmXkUMSPcUou2o2U5H2E4HNLG7SuC5zitC+0jy4y6PuPpWXETG\r\n2CKyk9SkWZ402ZTGaijOxSDmkYEHOeKmj2NEQRzQBX3bmwua0NP0W7u8yxkALyaoZSIk5yavWGrX\r\nVtCyI3ymnFJvUHtoF9LIv7l2zt4qlbtmaneXNeysVBJJ60jWstuctgVUp66CSLduoN1zzWxvmfBU\r\nhAOPwrG02QGYk9q34JrUKTMc+gFKXkNFW6a6kjCiXNZ8Usiu6Ocn1NX7u6gjbEeQKpSSoY2dRzUb\r\nDK9ncvb3mSfk71LqlxbzAGOMA96z2JZuOaSRjjaRR0AI5WVdg60gjkaQHGaj6MCOtbNjB5sfOAQK\r\nUI8wm7EYE7Q+UzHHTFV4rORZfvgVY8qVZjukIUe9IZIgwUOS3TPpVaAaCefHAAF3qB1ptrbHUJAg\r\nHHercTj7KsUbgseOetbWlWUdjaGR+XI6mrdSyJ5SpcoYYVt7ZckDkAcVzWpO8bYKAGu+tWiitXml\r\nUFmyf/rViNp1vql0x3BVB5qL3KRylqjSMGYHFWp4WUfLGxFdDe2lnp+FRAxXsOarXGpweTxFj8KN\r\nho5l9vIIKn3qqciStK+KTDei4rLYkGokCLMcSzSAetajQ2lvDtCbnx1qhpBQXSmXla0dWkt0mBt1\r\n69q0ila4MzGdlY44HpWpYxJLBkoCfWsqRg+SRg1dspHCbVJGaEwFuhEuVdQD7VVSRbf5oTzWrG0P\r\nImClvSs68iG4sqYX1FG2oWAXd47D98Rn3qKeOR5AZDk96rmRwwIHSpUmYnccZ96qLuS9DqdMvNBb\r\nRGtLi1AuMEb9uWJ7Hd2x6VgXlhbqwa3lyCehqrJIWPDYNET4bDE4q7LqTqWhANgwvPrVZjKJBnoK\r\n27RrdrfEhArKvwYXIQ7lNRIaHSsbhFVRz0pl1FLHEqg5+lNhkk2AovSp4LgNeRecflzzmnow2Ktr\r\nZyzEjBGPWobhDHIVPWvT202zk09Z4AM47V59riLFeHaBSlFJBFtsy2UrzT1Ibr1qeEpP8jAA+tNE\r\nBW42/wAqy5eqLI9wJwaXOOgqWRQvbioGcFsijYY05LY71MsRVdzHFRYJYHFLKxPGaSARpM8dqT5T\r\n7UyipuMfsPagqRTVYilLk96dxDhhaQ8HIFEal2Ap0ihcgUbgOSXIxnFMY4J5zTBSUrjAnNA5o605\r\nMBgTSQD3G1BTAMc1YLI+M9qjYqOBWm4iI804DimkjPFT28RlkC9KIq7Exixs3QUrRODgjmr7KsTB\r\nQQTUU0u1uTmtXBLcm5TKleoplSyEMSc1DWUtC0LTlIA5ptAGSBUpgSxkHtVpZCg4FVEDqNwHFBld\r\nqpOxLVx1yzMcmq9OZietNqG7lJWHCpAyqwPaoxQaE7Abum+SkbM8fmbu1JZeTaaql1MoWNSTtqnp\r\n9wyKQKJlaaYlyefyrfmuiLG3rnjCS9zDbRBIunpWO2u3rWzW5YFG46VQljCNjNT2Vr9ruFiHGe9R\r\nzS2HZE1gh8l2HLNVyGO4itSVXaPXpmumsdKhsbX7gIx1NYmrXce4qq4HvVxdiW7mPfFiuWxuPtWe\r\np2mrdxl+rZ9qjtrfzbmONmADHk1Ek2yk0kWImdYgzZANJIgkUsBg1taumnosMML5IHJ6VhyusbEK\r\nSVq3G24k7jLef7PMDjIq9IkU8olc/e7eprMyrEnvVm0bdOm77o5p05WVmKS6ljUkt41VYQRxVCKP\r\nPJ6Va1CQSSkjGKgQ4WjeQbIeXMcYK9Sa0PtGyBAEJfrmsqdySAOgqwkkzLuGCOlJu7GkSSX0j56j\r\n2qAssiE45qGRmGc8UQvjjHWovrYdhu842mpYSNpBqFv9YRQpKt7VN9R2JWgDHKtmrAs5mhJVcL60\r\n6ztJriQGBSfc9BWrPbXCqlux25444raLSRLMuFWtlB8zHqBSsr3LcB29gK6NYtHsIV81d8nvzVS4\r\n8QW8XFtbqPeoGUdP0i5DbpEMady1T6hdW9qojiTew7nmqlxrd1cg5bC+gquLhLgBCvzHvQmBNDH/\r\nAGg2GO0+1MvLZrRNm4Gr2mQJHIcsBUkllHeXJUSYHrTtcdzEtNpbLZNOmCs2FHP0rY+yQ6e7PGRJ\r\n2wetNiktwDNNHgnoKpJ7E3MYWkz8qhq7axXMcql8hadNcyzTBLSM5PYVs2un3UVo0lyhzj8aTSTB\r\nXZl3jqFYgcVUgsmaFrgL8tSyjzpGU5AFRNczlfIiOEHYUlqxl3RIGkvNxOFWt/UNQSBFXOVFctbT\r\nz2ikqCKso5v4yGb5veiS1BHR6hqUN1pamAY4zxXNwXzxTEq5ANakUcNnYiOZsis9pYZR5cUHHcgY\r\nFLroBJHqEjMfl3bu5qVopWiJdVx6VXuJDDABHGA3FRPeXCwjIz7UNlIrzuDJ5ZULViLTYp1GDzUc\r\nO2aQGSMknsBk1cluRbYEasp/2hitIRuZydiCPRJYrgMrZUc1W1NhHJj0rasbhjbvJIetZj2cl9Kd\r\nq8etTNWdkVHUyAWlbCgk1t2Ktb2zNMmCR3q3baZbWC+ZKQW9Kz9S1ATP5a4C+1REZlzPJLdfKxJJ\r\n7V0Mdm13ZiKOSMSgfdZsE/SsJI9khYEGpI3d7hFViCTjIrWMVa7Jb6IieFo2ZWGGU4IPaq8mRxXS\r\n32jusYkU5JGTWJLEVyHGGFRuMpAHrT1PIokOO2Kjyam/KO1zXjYLagFSfpUE5LRg4OKhgu2Vdp5H\r\nvStc71K4xT5k0KxLZSlNygZFRXDZYnGDUCSFWypwadJKWHNLm0Cx3vhG/D2XlTNkYxzWJ4xihE6t\r\nHxVLQ70QEgtio9dvBcTABs4rV6xuSlqZiZVgV61OspV1Zs7qfaRLtMj9BT0gNxIXUYHas0n0KGXc\r\nilRgc1SOMjrV+WKKOMl2zJ6VVLBjjaKqULbgmPR0VMEc1C4PJp3lHqaXaNuSazKIRkmlqaCWKLO5\r\ndxqORgzEqMUWSQEdFFOjXe4FRYCxbRny2eoXPNaFxJHFbrEgGe5rNY5NU9AEpMUtFSAqqWYKBkni\r\nuxsvBP2m0SVrkI7DODWH4asWvtWiQDKqcmu/ktboXDYDBFGBg4rWEU1dibOePgK4VsrcqwqC68D6\r\nhnMTKa6G3+3mTD7wo5xT7y+u4Qoi3ccE4q+RE8xxkvhDV4snyQcehrJZZbWUxsNrrwRXqKahOmlS\r\n3EzYGDivL72Zri6kmY5LMTUNcuw07iedk5OSaidi7ZNNpe1JyuO1htJQaMVkxgKcOoptFNAW0nAU\r\nq3SmMPlJHQ1ATQCat1L6C5RG60UN1orNlAKU0lOUZNNa6CLenzLbuXddwq4ZY51Z1XBHYVmM3GAO\r\nKmt38sdMit12IfcGKZJerFpMLWIzqMMelQTBZORwabcN+7RB0FS1YNy//wAJBeuu0vhfSqNxcGVs\r\nnk+1QKK1dN+yJC3n4JPShXsFkjI3HtmpYv3h4ODVqYWvmNs/KqQ+Sf0GaSbTHuiy8eBy2TVecqMK\r\nKmaRWfOagkGWq5u6JiRjNSwvtbOai6cUKCTWKdjRouW0Ml5cCONSxq3e6Xc2igyR4HtUugvLbEzJ\r\ngc9TWje3dxe7kLArjvW0SGc3HH5rbR1q1JH5cIVV5qBUkt7wgckGtyz0uW+jLeYqgDOO9VGPMRKX\r\nKc5KjA4OSetCYTBIrSu7CWK68oKSTwOMVUuIdj7Dyw7Dmk4cupSlcrSEbsigjIyKWWNlwSjKPUjF\r\naujaQ19h5PliHf1rJatlsk0RrphiH5UHVqnudTMdwdx3Ed6sajdQ2dv9ntAABwSO9cvLI7OSc1V7\r\nC3LFzdS3c5wCSegFSR6XdEb2iOKv+HbVDMJZVB+tdRd30EShFCgelJK4HAuPJYoVx9a0dMsgbZ7o\r\nlcjgA1Pq6wyqZEAB9qTT42NqAM+tdFGCctTKpKyG3cgGDECDVWO7KNtyQxqy1zHbynzFznpWaEN3\r\nfBY+Axqa2ktCoarU03BhjEx5Dc0wpNPGHI6/dAq7eQYiSInCKKdosiy3TD+CMde1TDV2G9EFnbrp\r\n06zySZbH3SK0Z9fa4BjGNpwKxtTnLzsxBIB6CqUc0Eo2co3c1rVUYvQiDbVzX1Sa2jtv3aje3pWT\r\nE5tBukALHnHvThbvnklh61FdEsQGORWO7NSQaj5mYhGOfSmWwlF1tjUk9fYVb0axinmLSvsQfmav\r\n3UlpGxis9pb9PxPek07gWrGyh1HEVw+OR0NaE2lQWGBGgI/OsfTd8E25mJYmtvUrzfbxW6HMj8e9\r\nU4XRPNZnO6yhBBQ8e1ZLGXAOc+1ak1tPHciCYli3QVH/AGNqCzDELMuQRio5Wi+a51Pg3SAIxcXc\r\ned3PPb2re1PT9Ont2AiUHFY9trf9mWqxXa+Wcd6j1PVw1oZY+VPfFWr9CGc5qUa2ZaFPunpRDeLa\r\n2uB1qnNffay2evvUblHgwWAIqG7spaDL6/aQH5qTT7SCZS07c1nTE79pNaulWhmuYV3D5jjB6VKd\r\nxkj6S/JtlLLx+tUp4ptOulEylWHNdPJY6gbh0OIIU6yE8Y9q5/XpklmwJTJt4yavn0sLlN601NZ7\r\nVQxGcYqnfWcdypZeDXP2d00R2k8V0Olk3trIFYBl6VC1GYsunSCQKxGPWr9r4dEwy86qPyp91ayQ\r\nwtJcMN3bBrJS8nTO1jir0e5Op0K+FrSSMhLkBxWNqGkS2IOSHHqKkt764K5INakFuLuwkYsxY9jT\r\n90V2jlEUtIFHU1o3GkXMVqJ2XKn0qK3tsaosTnHNdTeafdJbkCUGLHQ1EEU2cpbWNzLbvPEuUU4J\r\nqF7aZHHmKcZ61sW8kKWskBnKlm5UfzqB7aY7fLmWRP1FOwJlf75WJPu9zUktyIY/Kj4Pc1DcuIpG\r\nRe1U3YnmtHJQWm4rXH5Mr9amdEjjBXk+tVojh/arM7AqFWsua+pVrFZ3Y96dEd2VJqNs5p8SMfmH\r\nQVCeoxHTaxGc0wCpSpZic0wjFJjFVC3SnwsIpQTzTQ+FwOtMOad7CJ5n3sTUB60ZPSgCluAUUVYs\r\nLc3d7FAP4mAoSvoB33gHTBb2L6hKBz0yKv33iGVZmjijBA7mn31wmm6XFp8BHmMNuB/Oua1SU2vl\r\nqoJc+nWtUmI3bfXbhpAGiBretZLe9jyY1DY6Vy2kxtPGJdhLN0UevYVv2dtdacZmvI/K4LDkEH8R\r\nUpu9htaHOeOb9be3FlCQN3UCuAY1p+Ib43+rSyZyqnArNyB1pt3EhoFDHtSFs9KTk1DfYdgopcUl\r\nJgOTlqHPPFOA2rmo+vNAxT2pBRQKQDmGRmm04HtU1oI/NzJ90U7XFewyK3llBKISKXZsGD1q8l/5\r\nLlIlAU8VSkYs7E8Vqkkrk3bGE80+M5IUGos05T8w7Uk9RtaGyumqu0vIDkZxVZ7UXE22Mj0p0EzL\r\nMjMSy9KQQy/ai6ZC5zmtZaoyWha/sYJCWkkCj1qa2t9LKqpnZ5OeAKrPqJZWic5HSqITZh0mAOf0\r\nrPYtEt5HBbyZjbeD+lVCA7ZAyx7VftrSTU22qQAp5PrUq6fNaXQIQsnc+1Frhewyz0ed7V7mQFI1\r\n9e9UdgfIAJbOAK7W7u7aXT44CDGqjn0rkoo1OrRrG2F8wc+2aprsSncr3On3VsoaaBlDcgkVWU7W\r\n5r1LUo4Z7N4ZApAj4PpxXmMqgOwznBIqJRtqioyuX9MmiP7uViF9KdcyrvPlMQPrWbGCMnHFWUsb\r\nqSPzVQ7D3o5naw7BGsksvynLGug0e+ksmZZzzgCsOFZ45AANppb+SZZFLMM+1XGXKS1cua1qUjzl\r\nk+U+oq1ZzRw2vnMqjcvHGSxrFcl0DMMmlguJBtTOQvQGiTuwSsjTjuJLyYRSpmMjBLDpVq6vFt4B\r\nBDgAelUftztHyFAxVOGTz5hvPekgFkkMj8ng0k0Cs6KmMsQKv38EEcKuh5NNSBGaGYN0INaJXM+a\r\n2ppQwCxt13Z3Vm3t7DLKN2QBWpdbprfPcCuacxeYwk+9mpejLhK5NPLE8Z2MfStmyUQ2hOP4cVgL\r\nH5k8aIpC5HNdM6hLPGK6aC3ZlWeyOd1E5lx3q9o9l5P+lTjCjoDTbW2W5vGmkxsQ/nS6lqGf3cZ+\r\nVeMCueq7yZrHYj1fUDKzbTgVY0RhDYO5JDvWPKN8IOMmt5Yo4bGJUJLY5q8PG8rk1XpYhhZPtBMi\r\nlh6VlaigS4LICB+VbNpbzysxjK496z9UglVjuIP0qK7vIuCshNOuyf3bYwasXEAZcjr6Ck0nTgYP\r\ntE2QOw9qtFdlyh2kJ1BPGcelZLTUtl3SdAlnhAuJ1gV+wOWOe3tWnNoXh+0hMP2h1uM4zjkH3OaZ\r\nb6vZWlvL9uLhn5jCruJ7Ekdh/Ws6S8sJnaSGOZUz1fkn86Tld3CwSRRWcwbzjMucYGM49iOD+OK0\r\nNHtxPM+oSsDEuQg6dP5VkSX9rEkluI5SGweFB5HfrUb301tbPFEW2TDOCMEMOvHuP5VpGfQzkrCa\r\nxdTX2piW1UkxHC7a6u11ZotJRpodr981yOkyTJIIwh3E9xXQX7vcW6whDnHpxU6voKJha7qEmrTq\r\ng6Lya1pikHh1NwyMZ561kpp0sdyxIIVuPwq/dxmXT/se9uVxk+taKEtyedXsc1uSX5owQagMcrzq\r\ni5LMcAVtWunFbcjKg+tSQ2htnE7OrMvasWu5uh0Phad4BLMcd6ge2lsrqLYSArDkVq3muT+Uqxru\r\n7cVmTXMkuGkGORSRWho61NctCqGVjkZNcfc58zB612mpRh4Y2x1UVzN7ZTNOWijLL3IpXEZXQ10e\r\niq8OnySjIJ6VixWc88wjjQk5xXXm3FtpscHQ45oWgM53ULi4lOHJ2iqINX7987kxg1VgiJ5NaXsS\r\naOnkGPkVN9vngxGkZ27uo96p2blLpY1UsWOAoGea65NKZJIDNGF3dVP8qTV9hbbnG6mrx3CyjIY8\r\n5q/FqN1c2qx7iR04rR8R6SftqRIRGhGct/KqUTw6UrBHV36Z61VOD6kykiRNIs4kW6u5MLjoDzms\r\nr93E7MjkpnAJ9KabiS9uVjJJUnOKluLOJGYAELnpTm47IcU+pnXSMJC2cg88VEW+XBqSdy37sdFq\r\nDmsZPU0Q+MEsMCp3O3jYaS1QuwPpVqZC0uN67apAUioK56Gmo7BSB0qQqQ5G4EVGQVOKS3AMMelN\r\nKsDzWhp6K7hWHPvVq8s45Jh5bgcc9q19ndXJ5jGxinRQvNII4xlj0FaUNvawtumfcB2FV5LtIb4T\r\n2y4C9qnlS3GWH0WS3UPc5Ue1PjtbUr8sMjn1wakfxHPOuJY1Y+pqu+uXPllEVFH0o5orYZo3OhWi\r\n6WbjzNkmM7Saf4NtI0mkv5yAkYwpPTNc8bi5upFjaRmLHAFdxfWAsfC8VoCEkkwcn1pXT1AhuLoT\r\n3hnLgjP6Cs7c2o6llRkDjNULgy2MLoblWduCo64q/wCGHjhjlMgJZuRS52kVZG+07WaxLBgSAjGP\r\nWtDxNqt1/Ym64ZRKy4AUYAqtpVuL66WZlwsfrWL4zvxJcCFD8q8YpJW1EzkGgbJJPJpjROOorQjK\r\nlBkiq85A6GiwiuIXxnBxR5bVahZmXjmpgqn7yimkK5nmNh2qRIht3E1ZniATK5qgS2e9J6DRbjtR\r\nKyhpVQHt3xUE0SpIwifco79KVZwOSvzYxmmLtZuSRS3AiopaKgYVLGRgg0wjgGmg4prQW5pWcMCX\r\nCSTt8g5xUeqzQS3bG3GEqqSWGM1GQRWjlpoJLXUcilmAFPeIr3pIXCtzT2YbjjmpQ2OglbIBPFas\r\nk++ERxAlsdqy7KA3FwsY4zW0llJZq7SMBx8vFWpNkNGKVMbssykE+tOdAVBFW7yCWSDzJCCw9Kqx\r\nElADQMn0+6eynVxnb3Fdcms2N8YYdqoByfrXKW8UbyJ52RHnkj0qxqVpZwhnt5hx0Aq47EPc6dls\r\nZEBmkQqXOa5vXbW0h1aNLCTIYjGPWsfznII3sQe2alsSy38Eh5w4xn60OXYFGx2t3BcNpxi3HzCg\r\n5rizaGOQiQEH3716HdSYAkAGdma4LUblpZ3ZsDkjFaK1rsiL6Iicea6rGg2jr71euNWuI4lhVQFX\r\n0rNibAG05Y0kjAsQ55rGTu7mqJ2uftAznDe1Mgs7m/mKxklV+8x6CorG0lu7xYYh1PJ9BXZ3a2tj\r\npy6fZ48zHzN3qU7j2OdMNujCAMXfpntmr8nh6G306S4klJlPKgdAKyLi3aD52bDZ4q9p1zPcpIks\r\nhZFHGapiKdpZpJMokYkelVZgYpXAHQ1rxIElBHHNUr0ql7IvByeKaSYrlF7iSTCsSa19wihgj78Z\r\nqrZ6a8s+9vuDk1Pjdqag/dTJ9qqCa3InZ6I2I4Zp1CqCVPFULnQJomMkiEjrkc1t2GookhAiLKoz\r\nkdOnSql54ou5ZhEtuBCOCOuaqUk3sRTi0Z1qm64UbeBWldgLEFHHrTbdC83niIqp9uM0upErGx6c\r\nV2wty6GEm3KzMpVaKNkMmAarNBEON241FNcOzAAH0rcg0e3SFXkl3u3JPauJQdSTsdTlyLUz4rMF\r\nQCuBmrMzN5oQcADFX1VRGUAyE53VnliZGk685FdNKPJF3M5O7Lckcen24cSnc46Cqcdp9qkDGQtv\r\nIBFV76+V2EbRknoK1bYR2sCEDLdTmuaFN1GzaU1BI2XsogYIVA2Dk49qi19LWX7MYMq1uxjbK4By\r\nFOQe+P61Vi1FpLhUzz0NO1IwKPNjLGZl2FSRtAPU465P9BWMk07Gqd0V7+0iFoZzMrSkbFjxwBjr\r\n9aXw5oyiC4uJ2DKIztB6bsjqf89aoIZZbhISSAc1NqbGDyJYElh2pjzJcgSAnOQOn51AIgmsY4r4\r\nBpHT5gSAOcex7jrV+WG3MyhGYxohYcZbgdAKyYp4mURswaRiWDK2TnvkGpo7tYCJChZmU7ADjafU\r\n+3NXG99CJWZbedrObJAyO4qY6zuGSctWdbR/2g7+c/3QBVK5gjjZ0gDuynqMmu2VSxzKmnoaF7qr\r\nKuVIDVYtEup7Tz55EC9h0Nc2GZZVyCTnoa1LrVv9E8ryyrdB6VhKq2zRU0iaAF3EbykK5xkVsalF\r\npunWICHfIw655rkbe5YkA5FbUlnJe2yuvI/pSqJSXMjSN1oZ9tqYtpSdgYZ/Kp5LuO8cMi7SOSKx\r\n72IQTFAav6clutq0jSMHx07VlD4tSnojsmgEunQsRxtrKkkktwVRQQ/BzV+wvlm0SM5+7xWdcvvU\r\nkcipekh9Dc03TLeys2uRhmbkj3rD1K6L3GAPwq7pdz5tiys5IXjBrIu51NwQikfhTe4kZF7HNJMS\r\ninFPtopPLO7CgetWoGkW6O4kA9qnaA3N3FAR8rH5iPSrcfduTza2INKu20++FxFEZivH+TW3L4ou\r\nLzUIZbq2MUEf48+9XGs9PslWIoNxFZl/cW7q8CxYOOtYqTRpy3JvE2qpqSRfZF3berCuZktbho2d\r\nlKgetX9DYxtLEwBGTjNXb1XnXyohkd63UvdM7alDwzYGed52HCfzq3qESo7DHatXR7c2OmtkYY8m\r\nsPUbjc7sawT1NbGEF3TNn1qJ+GIrqtF8JXOpwmckop598VoP4FiiDM9wWPYCr5SbnHoGihBX+Km+\r\nWTlya1fsyxXElu/BT17iqd5azr8yodvrSsUUGUg5zV2JoEhDOuWpltZyOw3javcmrN9HBI0VtafM\r\n/emtBD/7Ut0g2xwAP61V27o2lMgBParOpeH59PsUuncEPjgdqq6XJaxzn7bGzpjharnezCxUyWPU\r\nmkZGAzg1rLJHc6lHHZ2qpz0Naep2oMO1kRWUdhyTWTkWo3OWQoFHc0mRknpShQHKtximsBuwtIR0\r\nHgvTPt+sK7LmOLk5rpPHl5BJDDFH1iParfgyxitdKDCRBJKPXnms3xfpYtbUTGTeXbPXNaWsiepx\r\nG8vcB3JbnvXf+GrfTr61BZgsoOCK8/cAHiun8DSRSXMtu2fOKkqaUfMZ1+o6jp+kWbxJIquR0rzm\r\n/lN5IZSfvHNQ641wdVnFwxLBjj6UyKZRAFPWi4gdcKBmqshNSPJknmoSc0mwLFo3zYNX+fQGsqJt\r\nrCtJJSUHIqosGR3TjoBiqRzngVYnPUk1WjfbICelKTBD/II69T2qI5VsVpOyvHvA6Cs9vvZ70mMj\r\npR1oAyaXaeakQ/GVxmo2G00oDZoJz9arcAWnhQwxTADU0YxVxQmxrQ7VDKc+opm4qeRzWjbyQRqR\r\nL94/ypJoYJmzEc1TgnsQp9yOwuEhYEjJNauoS+bCi59+az7TTGe5XJwoOSatatFn7n8PGaXK1uF0\r\n9iGa4VIOuTVOB9xOalit2lj24OailT7PME70ii5G2OOtZ11GUlPXFX4WRiCTS3lqSolAJQdxSeol\r\noZsQPUjir1ohkuogpwFYEn8ans7eKZwuRtAqeOGO3wVJZt2SBVwS6ikzsLvhAOv7uuEGn3WoX7Qw\r\nISC33uwrom1tbiaOJoHj34QE1py/6D8lhDufGM/1qpS0sRDRmQvhNYYwXmG8DpWLe6XLHcBFIbcc\r\nZNb02pXy2bvK6LcbsCPvj1rN+0TzFTcJg9cjpWdjU2Yra18P6ZgEPcuMs1c4ZmnkaQyYOePetLUQ\r\nrmNmYmMjofWn6HpkFwxkcYUZxmqtazJvcyLuFZUA3NuHc0/S4pY0lG09Kmv4idSaOMZLNhQO9bc1\r\nlHpmmgM264bkgdvataija5EWzBDFSM8Gs28bdqJLHAz1NXWLyTBQDljgYrY1LRY7nT1ePAmQc+9Y\r\nNmiM6a6W3tVWLJyOtVDKwgBH33OM1I0DG3SIr83epbiEQrC2OFYE10uPu3Rgmr2Na3vILa1W325d\r\nhjjrVV7J/tXlINobJyakiubR5xKIwSoAzjvV++iH22JcnDYJrmTsamnJGsOmRRKcsBzjnjH5Vzuq\r\nM8kJUDJqzc3D29w0MbMUx1JzVBTPKS+Pl9fWu2npT0Od6zuzLttzyMhjINb8GTbrk9qpR3SRBleM\r\nc/xVbsGEtsSM+lKhpJoqrqrk87rb6YSchnJOazFV5EUBWAxnPatC4hm1BooIyBt6/SrYtQrx2okU\r\nseOOtVUqKGgQjzK5jw6O9zIZmGVjxz6mpZBjgV097GtjpohT7zVnWug3Vw6yPtihAyWkO3j8aVGc\r\nYxcnsVOLbSOcsLedtYG1WZcc1o6wpibABz7Vc1HUk0uYR2MUboRxK3c8g8fUVivrt5HO1xHMVkXk\r\nHAO3jqOOvNYShze+jdNJco+SR7edmOCuOGHUZHQ0y4ulNmsWVG3/AJ6ZbP681Nc8yrIeM+vP51Tv\r\nIGwXgUBf7hOQPcVzXGMe6jkhVQFLj+IKB/KlWF5oVMC7mTJbOBx0/wAKjjgG0ZBPPXGB+FX4WeBQ\r\n0YwR0+lUnbUTVzOdLmylDFZIi/8AfBAYex6H8K6vwf5NysiTqhbPU4rN8L63HbajcadeqslhOWIj\r\nkG5UYZOcdgR/Sp75NNtdQb7OyiJsNHLA+MA9Aceh46UQvUk4kuFlzGj4l0+wtYt/lrv7Yri5rO5u\r\nZdyR5X9K6We2nuowPthkHAAkAP6j/CqV1ZX+nyeXOjRx/wB4cj8xWjpuOkhJ9UUItEuEUPIVUema\r\nuxz3Kr5EIIXpmhQzEsZGP1NSWd/CJH83A29PeqlBpBGabMm9sJGYsTlu5pbRSLJ4CVDU6+vXuZG8\r\nnhM9RRptuW8yR8kAVnbqXc0vDitKktqSeDmtMWUayNG2Qaw9HdodQIifYXBFbP79LsNIxJx1NQx3\r\nMr7SLW9ZFYgZxikvLnJGFGPWl8Q2TDF7CP8AeArK+0SOo3qRj2piNRiJVRgPmrW07SbudVnRcsOQ\r\nM4qxplrbWuhJeSKHmk9ewrQiuVNmCu5T6jim6llyiUbu5z+sLqtu5kltm2j+JecflWFBeSTzkfqa\r\n624u7iJ9wdnTurcjFU5dEXUbpJLErEsnL+xrNGhgzObdi0Z5PUimW2qXEc6hedxArsH8L2lpa4ln\r\n3N3Jqvo/h21W/a7kZXhh5AHrRcdjTm22ukhpVAdhnFcbPGLi9hjHR3GfpW54gvzcSsoPyjgAelc9\r\nZzLFq0EshwqnNOKBnrNqgtdNjjRf4ecVlPeqbgq7ABfWmjxLYCHb5gzj1rjNd1bzbhvs78N3FaXs\r\nRYq+IbhZ9bZ7fjPHFdDZW8T6ekbkBz1JNcWGaKQSk5brVltauD0JA9qSkhs6XXNNji0hpIpAWHYV\r\nxdrK8E4mj5deea1Ev7m7haJX4xyCaywNk4B4waUn1BGpc6pLqdkY55iGXovQVlmZpNo2gFeMiprp\r\nEkJZVK4HarWhwxST7psCNOTmobKSKSSTW8yzRqysvIOKkuNRnu2HmyEH24FdNe31tKpihaIIo64F\r\nc1dNG7HaFI9qRVrFS45kz196ixUkaGR9oyT2rt9P8J6fp+mpqevXARW5WHoSKpR6mdzjoNQvIcCO\r\n4dQOgzxV6PUbu8V4bmYuAMjNal7rnh1pTHb6P+5HAYnBNZt2unOFuNNdkb+OJ/6VXTcEZ0gCscVL\r\np99Lpt8txCcNVd2JY018kA1AybUbiS7vHuJOrnNVs1IpDDa1MdCh9aQDc0VPa2k12+2JM+/arUul\r\nPEvzTIW9BQOxng4p4kYDGaa8bIxBpACRQICzHqabSnNPhQySqqjJJoAu48qzUZ5bk1T6uBVm9DI2\r\n0nj0qop+YGmMliieY5C4Hr2q21pCqjM+TjkCoRcSJEYV+51xUDTM1arkS1M9WW1t7cRhjMd3daPL\r\ntVGQSTVIEkgZp7oVGc5pqa6ITi+5YLwr0GaaY5JHUrGQp6UyOPK5Iq/FfyRBY0hBC85pyu0JEsVh\r\nGYi0p+b0qhJE0UpdOMVY+2zyyFWjABp7LnIAzx0rMZFHdSngKfetCwt7i5lDCMuo6jtToNOMMSTX\r\nJKo3AA6133h3RJRbgqgiQ+vWtXUsjO13oef6o0tpMVEWxj24qtBpGoXw8xLdyg5ZiMcV6q/hvT1u\r\nJLuUeZKo4zzir8SwpbuqxqFxjj6VDkmVqjxWW1NvcGPnHatPT5gg8uQAqexrU8TeH7mO4NxbqGQk\r\nnArBjJPUEMOKVh3uaZ0VZpGlt5AkXVl7/hVhLopJFa29iAg4Mjiq1nfGFSSeFGeafc69De2bCRSh\r\nUYCp1z60rNiK895PJdlHt1IVvlK1vxXMkcTZBLEdO9ctY3oVWMe44/vdafNqF0weVDnB5osVYt6p\r\nDI9wHNuqnr1qvLKxjxgA1lS3l1LIWd23U5JbiT5SMe9O4zQlleWFI3wMcA1qWsIg00q8jKeuRXPy\r\nyFo1Ktnb+dX4tUae1AlHTitZK6SRmtGaWk2qfaHvpDuSIYXPc1Wv7triZiWyKhi1Jlt3tegY5BH8\r\nqhI2r70pb6jiNjnWC5jfbuG7Fbq3i+YPQ1jrah7TzVILKcn6Veu/sl1p4nt5ChUfMp9ayZVhLwwi\r\nYMhHPaqt4FeMRYLO/AUdazftrLIokXIXuOtbelXEEt6J5CpKDKiuiNa0LMxlT97mRJo/hy4EkZmO\r\nBkMVH9as6m6/2sqL/DxW7pt2RulkUncCc+grlr+5jbU5JQNq561yp3Zs0R3OWuGfsOKrTyuFARtv\r\ntWraLBeoyKwLN0q3B4Z3OGnfIHat41FFambjdnGySTSMVVWZ/QDNa2gszW0iuMMrdDXQ6rElmVis\r\nbdXkH5VlwxXMU0ktxb+U0nYdKuhVvPUVSPumlpsTGyuCi5bJyfaodA0zbePqF1LtVc7VPpRYXptb\r\nnGMxv1Fa19NAbZPKUfMcHHoOf8KzxF1NmlKzijRikt0H2+dVzg+WDgsAO+O2az73WBLCxuJAQ3SM\r\nD+dYF5PLn75PbGayZ3csSWJ9zWCNB2sTxyRxFVChXI49wD/jWQRvdwO6D+VWb4kWS56mX/2X/wCv\r\nVRGKux+grqpyurMho2bSVbqzjLDLgBG9QwGAfxA/n6U5kdlaLhtuMYOOaybW7NtPu52twwHXHqPc\r\ndR/9etKZ2cqTtJGDkdGB6Ee1c9SNnoUhywtjMjKpHYHOaCSOitinnkA4GQO9NQk4UuNpPQVCBmRC\r\nMXN3Kf4VIB924/kTTo2UNz0bg/40+7bhuMNO5lOOPl5C/nyfxFVM4FdVLRCepsabcSC8hi80lS3Q\r\n98DP9K349QglULPkDGCR1rkdNfbqdt/vgfnxWygDKDySaitK7BIW42JFIY8ZPQCsyLRrq6YuQVU+\r\nvFa8CKJlMihlVxke2a3bgxSymIkRIvGOlEqvNFIhQs7o5WXRbi1g3qodR6VJCpi0ss4wzVq3U62m\r\n5InLoeNpNZN9OG2RIpJboo5NTzNjsZyuYr+BxkAMMn2rrL6WMSRuzAKVrLfSR9jErSBHxkqw/SsO\r\n5luGOJZDgcAVSinqF7aGrqeqKR9nj5GeTRfWcUVjHdRybo2UcehrCVwDnHzD1rU02UTRtbTuFjYZ\r\nGfWhrTQDdN8k2mwwxupPHHvVQtqz3UcLYjhJxx6Vk2uY5ZM7jsONw6VqfaHkUPJudQOADjms2i1o\r\nR3kOoLfOsdwGjXsTUdjezJcC2VyGJ6g1TE7ZYbdhz1zmnac8Md2088gUCmkNs0r/AFaY4gkU7U7+\r\nprLTWrq1djE5CN1XtVO5ujLcSMWJjJ4NQSYHOciqVrE31NI6klxy/BqukqNK29QV7VRCkkAd6tCI\r\nwYMh+96VDLCW4biKME+wpvlSeYo2tuPQEV2PhyDS7O0NzdMgmboWqtrIjmuoZreVGK5OBxxU3K5d\r\nLnL/AGWVpWVs5HJqEQM2QM59K1bmR5yHKH6jikFzhQqoFbpTsKxkJI8b5BINPmOWDevNJOhMxOOp\r\nq99kDBc9MCnGDlsS5JbjbW5YROAgY4rXsbGJtPmmmkMQIzx/Kq2n2RluBBCvzt0q94hu1it00+Nc\r\nGEYZh3NRUTg7GkGpK5nKunGxaMSMJWcDJ7CorzSXsyHDFom5U+tVreCSZWVduTk89a7GW0F34Qgk\r\n2lZVXGSc81m523Ltc5jw+YU1LMybgeV9iKZr+p3eqXpeeQmNeI0HRRV7SbKWCH7UYwxIK4P60y8C\r\nvGVMIRvQVre6sZ8pz+BjvSpwwOcVYlIT5AQfWo9wIIwPrQIdKhBJx+NEbKflYZBpZJC8K+lQg4pi\r\nB12OR2qVWDYBGaZKQyqe9EBxIB0z3pbAaCXZsIwqKCSOaga9LZdo8575ommVVKMoY+tV3mLIE2gK\r\nKCriPL5meMVetILV4FMrlWNZ+4EcDBqQkLbrk89gKBFi6jgU7U596s6cEsIDdOoMrcKD2HrWajYd\r\nd1Wb+4DuFUjaowMUwK9zOZpSzdTUNFJ3qWDLjKUjaTHDcVXTL4UYFXL07Y0jH1qpCwR8mqe5CGLx\r\nJ+NXCUyM1TB+fParcYWbkdqqnuKQrSqOFGaUXTKmNvTvUkcSE4JA96SdUiDAEMDW0k7EJq5XW5Yn\r\nBPPrVuEMWDA1mkgHOKcskn8JIFc5o0dr4W1a3bWRBqYGFH7knpn/ABr0+C6iEHDKB2I6V4AqEnLM\r\nSa39Mv8AVPscqx3hEUY6NyfwrRU7kN22PU7i7iPmRIck9SKUNiFs8A4rzWw8SzW0oacb1zyR1rtY\r\nL86lapLaDdH1JFEo2JTuaNwYTbsXGQBXlWpzRrq0/lABN3QdM12PiTV1tNPZYmyxGK466sTJoEM8\r\nas1wXLNgc4NShlG+ugVCKcE9apIxUgjimEkt82c0Z5FNMqxfE5WHOMnpxUljKgd1mfarDp71Tjft\r\ninD7uepzWtrk7FieWLedpH1pn2hFyeSaYwAGSmR6ilRYickcUcg+YbANzFum6nzErGcGpAqMhAGO\r\nMiojllKkYNaJWViL3ZEJWwp7jvU7XbFAiglzwPrVXoeauacubgSEAhemfWspa7miR0kNhDBZqNx3\r\nsnzD3rGsXEd8YXAMbHBBq8Lw8licVn28ll9reaSRscYHvWTKNq9tbDyHSODDgZzXO6dcbLhk8v5x\r\nnBrVvdUja1bygN2MVgxTeUxkPMh5zUjOlufEb2uni2QKZG4z6Vnafa3eqSbgp2eprMs4ZNQvtuNx\r\nPNdlotrdW7Ms7LHHt+UD1oQrGbf6LdaRGLqKUkdTjsa1tC1u51ONLZColPBJ/nTVstTdphcSq8D5\r\nxz2rC8MSG08SiAEAMxUGplqgsdvPC2mfO0bTue45qvqN2JbNXlgZe+cVu3VncPHuEhwfUVkJHOLy\r\nOG5dTCfUfpUxlbUprSxU0+0WLTXupVJMnCD27VTvFkt0hUSAHDHJ6DPU4/CtfU7vz9SgtIAu1OSR\r\n0GKwtUglLMcgupJ2+3t+VaSm5u7JjFRVkUZ2YoGlbBzxkYJHbIHeqUpBHJBB6EUsgkkuAJw4HU9s\r\n46c1FOSsYVE9lFSMq3xJt7df7zs34cD+hqsSas3UiSXjCM5ihHlofXHU/icn8adBaT3jFbW3kmKj\r\nLBFJwPeuiGkbiKJOO5q7p96FUW8xATOUc/wH0Psf0PPrmC4tJ4WIkhljx2ZCP5ioECBx5gYr324z\r\n+GaUtQN/fhGJyG5DD0x2qBJEZ8N/q1G6Qjso6/ieg9zUAurRolBdzIBt/eZCkDpnbk5xx26VSlup\r\nJU8sBEjznYgwCfU9yfrWaiMWSZp52lfAZjnA6D6ew6D6UdgDUSA7q6e2S0j8G3JaFftLSjEmASV6\r\nADnjBDdu4rZSshGDYqV1CAr1EgP610McT7QcEjisGKQRXyyDnbzg11dnK7wqABz7e1Y1QIjbt5YO\r\nCOg4+tautXFtM7SogEqZI9xTZArW7KBhutRapbRz2qMnBYDI/pUR1BmKstrMWds+YfTnmus0bw0L\r\neEX9ywErLwD0QVxtvAlpfwRxx5fzFBHbrXYeIru4lMVs83lwkDcq8E1c7rQI23M66SW5upGjjaWB\r\nc/OOh965PU7m3E7bEy44ru7fU/MU2VlaMBGvzMRgfSuJ1GDddzStblTuOVrSlJ25SZpX5jJRWnkx\r\n2PU0srESBUJ+XgVYeeNIjtXa3Sq9vG0kgPqaq3Qm/Vl231OS1V4SFZHHOR3p0OoeWvzANjoO1I9q\r\nvmMh+9tyKSLSWuFJjcYHeiVN9AU0RT6gXz8qjPYCm2dldX+4wIX28kUtxZpZIdxEj/oKdYT3NlKJ\r\nopCobg4qFFp6l81ypLFJazskqEHuDS7SF3INyn8a0L5ftLmRmLMe5rPileCUhTx6UNW3BO41WKt9\r\nzBrRhhN7NbR7ScMN2PSqYMkzHOMCtLSLqWyu1kSISHptqWrrQqLtudlqnhzTntIZWByoHyg965ma\r\nGK91BRHG1v5fyD3rqfttvcWu6dih7DPesOC3gfUlMkjKpOcjpWcYStdo1co7GNqdtd2UhAYMnY1n\r\nKs8jZPHvXQ64ys7KCTtrFjbacHgURu0Q9ytDhb7DHIzjmti5jjWRVik3jGW9qz3tkluF8rO49T2r\r\nQS3YskMY3McdP6110rqOphPVmtoNnPFdpdSQOIgpIYjANUdT2yzTny1PmcZPbnrXTa/rdwum29uq\r\nJCFUK23rXISLunUpMXRj1rklJ1JXR0xShHUr2dlfHUls4BksMF8fwnqa6zW720sdPjsrckiFcYA6\r\nn3rmp9UmtrhZY0wQNrEdxWjHcw30eY1BBHIas5RvuXF9jmze3A3KJW2k5wDxmm/bJjglskdzUuoW\r\nL2shZRlDzx2qlu/Ctlaxk2ySQLK24gBjTDExzx0oX5vYU4EhsKTVqKZFxY1IhINQ1M+QpNV81MlY\r\nadwJ/Kjg/Wkp1ShgSTjJo2j3NJSZNIBeBSluc4ptFAASTSg5HPWkNJQAtPhAMyA9MimqpYgDqauT\r\nwfZPLGAzkZJ9KBhqDbrhgOg4qqoU8E4qWclpmPvUJyDzTuSWFiiC5Zs+1OR1RcLVb6GlBPNaKVti\r\nWi0rZTA600qehFaGjad9ukO6QRxrjcfrWxqGgwJZ77SQyzK+wg9/etFruRsc7DCjSIrDgkA1vzeH\r\n7VVgwxV5f4ajsdIlt7pftUIkRgSNp7itCe6MnkSSWzBs4iHfA9arQl3Of1XT0064EIlDHGapGUxj\r\napOG6irGsmSTUJGmwGPpWY2VPWplKxaVyxLKNoANb/hTX5dNW4thllkGVHoay9JsDc5lMLSxr1xW\r\n9o9vZy33lpbFWXkk1HNcGrI1oNPiuGSa/XzGfkJ2FackCvJHbxxLHGg3McfpTUKm4Xn7nAqw0gMz\r\nH1FWlYz3ON8WaAUkN9aJlDy6jt71ySjLV69KylXDDI24weleZ61bJbalIsYwrfMB9aHHqXGXQrRx\r\nOy7lQlemRT40JODxitDRtThtIjDOuVOf1q/b3WnvqbSSKn2fgDj86pWEy7oltZN5kE6qAYgwY/Tm\r\nsfU7GJV8yAfxFcDuPWumhawa4DWuJVMZKgdeOoqH7RZx2r3j27sjgpgj7vYj86ok5+HRruUxkJtV\r\nu5pdW086fKiSHJZQQRVlNdlWzFvEo2qMKx6j0rLvLua6Yea5Yjp7VWoFOSAs3y8mrsVpIuFCkGo0\r\nGMY61vWEZbcbiTyiB1as5x6ouL6Mznsp3gZRkMeBmrq+H0j0lSWBkHJNX2u9PX5YpTM46gCrEd3b\r\nSQ+VIrgN2xUKm2rsblY5K8RY4TGvzOfSq8OnkWkkkn3sZArsToPmSAwOhXk89a5jVLtopJYUA+U4\r\nyK15IRV2yOaUnZFLRZBFegk4Y8CuwkjaSzE8jjOMqDxn61xWnwSXN5Cka5Ytj/Gu/khUKFmysUaY\r\n/GuO50pXIbdpZ40VmER6YzkdK5q7s59P8RQFTvZpAVK9+a2LN5Zr1UIfauSuwVt2It11JZryIZQZ\r\njL8HJ60mx2ubtzqJit4w8scZI/iNYl6TcRl3lDbeQRTtQuNMv7oGaLcIzk4rK1JY7hmurCRoI1Ug\r\nxnjNQlYqxUkvHjmW4gOHHAB70t3G05e4mDq/XcoBXPTrnisqJy6Qljkhx/Ort4rhIUIzkE47bif8\r\nitpW5UZa3ZMFt/ITzJRv/wBrg+/1/CqupqDaSbcAhSR+VWLcqVckZJOQw6YwBxnnPXNUtTlEdpIw\r\n6kcfjWV9SraHPxthQD0NegeEtOk0qzk1C8kkTzQCsAyeOxK92PYdeffjitLvDYXYm8iOdeAVcA9D\r\nngnoeOtdza+LNKn2iWR4JOuJEyB+IzVVea1kioWvdluezn1e2m/taZ4Lc/MttEQCqjkFm5yfboPe\r\nuf0/wjb3ekQ3U8lzDLIN20AHgnjj6YPWrc3jGxjeW3S3nuY+R5hYDcO/XnH1py+NbHdlra5UEY25\r\nUgfrWaVRLRDfL1Mp/CCu0gtNSikKfeDLjb7EgnFUj4V1MqrxJDMrfdaOUEH6Zxmtyx1rRre1itbK\r\n5FqitlhNESWB65PTn19BVuwvNM09JbhL+O6kklH3pACAWGQAOBjJOAB0q+eaDlizl/8AhG9YiZQ+\r\nnynccArg8/gePqaTUtHvtKt0luoVRHbapDgnOO4Br0uVbuHa1r5Ui7gPLY7QF7nIBJOfwwfXmuF8\r\nctB/acUMLfcj2tEvRCTn1wCc8gD0qoVHJ2IcbHORkFtxzmux05gY144xmuSRf3bduD/I1t6Pdg2q\r\nEk5XqB3FVURJ0CqOTjg8c1LGnm+arAbQAfx5qlHdozFdwPvVmK5hijk887VbjNZxBiaDaLfatLAF\r\nG5fnDYz6cU7xBBrC3SsLeFipwpyf1Fa3hiKKK+3W5yzrnn096v307S3RSUxgjOMDP510TfM9TKOi\r\n0OdmvGt7HE+IrlxgCPnmsN7ed18yZsL7/wBaux+ZLq063H3gTsX29RUt/YXRt2ZUJXuKukoR1b1F\r\nUcpaI4vUPLmufLgXJHBPrVy1tliK7hyOaIYkF3iNeRkmrao+1nPStYx1uRJ6WKuokxXkUgHUU6IN\r\nbXSlT+6l5/GnanGXtVcdVqKGcNp53cle1D3EtiPV8BeAMZpsi4swo9OtQXUpljPzZ9qn62sYY4GK\r\nz3ZpayIY5SVB6e1VbgfvNwFWACp6cVZsII7m8USDKjnFJx5tCr21I7W3l2b/AC2APepxKIseWPm9\r\na19SmEVm0ajBxjiueV27cVbioExfNuaC3bkKpY+p+tWyS8eSazLNd+c9q2LG1nvGWONcLnljwKrm\r\nVtRNO+hkyrIzn5yPrTRangnLV1kdhYpuizG5HVielRQ6ObqdPLIWE5LMPT2rLnhuXaexmaTpsszk\r\nxrweM9q2dlrpURKkNN/E/wDhVm8uYdOtvs1qAAOM964/Ubxm3FmJrnnWdTRbG0aajqxuqai9zc4J\r\nPPGPaoQ22zJBPyNWaZN0wY9a6fSLMXGmXJ8ppC3pVQVkTKWpnhI5bd5X+6oqhBdPbzb48gHtViVQ\r\nsLwI+DnpU8ekL/ZrXfmqdhwQTyTVOPMSpWHG5Ey57HsapXNmkmWhwD/dqqJikrY+7npVhZsjINZ2\r\nsaXuVdjJwwINGQpBFXPMVxhgDUMsSYO3INWpEuJPDD9pTGMHBNZjqVYqeCK0tPu/KZGxnbxUWpJm\r\n6aRRgPziierFHRFIDNOZcDNLt21fjuLX7D5EigtjhvQ0KIXM3FWY7JpbdpUydvWlgsmuFBjP51Zt\r\nFMe+3knEYYjJoUe4XMx1K4zSVevoB57LE26NBgH1qQWsEOnrPI4Z5Puj0pcuo7mZSVJLtLkr0poH\r\nIqGhlmxgeaYEDCryTTryZXmIGSo4qzc6mBaxwQxomBhio5rMzk5PWgZIoaWQlBzRcRPEw39TT7IM\r\nZCAcUt8GWQBjnikSEdm72/mqw+lRbSpwRir9jDI9vkE49KjliK3WxgcdqpAy/pN1Hb28qSHG8qfy\r\nNb9tehbL7QAXhEhD46gHvXKlMY9KdHPLFG6JIVRvvKOhrZGdjdGsW1oqrBK8wE/mfMSeD1HNVNQ1\r\n5J757hVK7QQi/XvWMMVDIctihuwJDJJXlcu7EsecmoyTT8CmvWTNEdJo+pR2NgEywDZ3ECt7QJLc\r\ntNdgnDHAJFchFqrpDGEgTCDBz3rbju5I9GSVkCM7bgBVQ1ZM9jeguA1xJz/GavB1U7ia5G1vy07M\r\nrZyc1aknnkugm4gVvuYm7Jcq3mAHPFcT4iT/AEtH/vIK6CJGErZY4xXP6+czRjOcLQ9hx3Mj6daT\r\ndJjGOKWpFOeDxWaVzUtaPqk+nXSyROqnodwyMHrWlq+qxy2axQzna7Eso6VjCIN1xSMkUfbLelUr\r\nomyJEk2r8vOaci9z1qOFTyzDHoKmyKtCsLkA12csMc9pbmQA5UE1xBOWxXaaGBe6bA0pJKDb+VO4\r\nrDotPjUbolAFTiMKACoOK0CYokwBwKztSuxFatJEu5+wFCYWKF1cSPIyxyMgAxxXGXyuLh1GTySS\r\na7HT1a/G7G0n3rB1TT7hryQRjLKcYFZ1HGS90qKknqN8O2kyXcdyuRtya9A05UvrMvLhixwBj9a5\r\ni1M9lp4twq+a/GR1+ldRoNrd2lpBmImQgk56cmuSWi0OiOgye2WzmMzDnYFUdMVnalZ3eprFHGeA\r\n3UntXSXunS3cZ819rL/DVPT5HEwjIXcnHHSs9VqytznEtBp8jWt5GXZuQ2eorJ1QPBiONmCNxnPb\r\n0rodft5p74StIBtB4HpmsC4kgkjZWkBZeefWu7ljOGm5z3kmWEtrWKFTIwVlQFQeOetQXExdTtY/\r\nJlsAE89qrDdNeQSn5k5Ge3Q8Gty3sEnVlV9qEYbHJNYS6GqRhQXoWPy3YFvywP8AP86qatPvCRA9\r\n9xq9qOhPHIz27EjrhuP/ANRrClDrKRKGDejdamMdbgwUe1dn4RsLK40lmu4IJS8rFd4BIAAHXr2N\r\ncaO2SMV0Wi+Fbq7Zbi8ZraA4YKDh2H9BVVLWBI3otH8O3k8sEVqnmRna4UsNp9OvBrkPEGjPo14I\r\nvMEkUmWjOece4/rXX3+s6boFsLa1RWlUcRp/Mn+p/WuVhefxPrSrd3SxEg7cDgAfwj375NZQbWvQ\r\nbRkW9vPdTrDBGzyN0A/nXRR+DdS2h1mti3cFiMfjiumtdOtdHgxaW7O543cFnPpyR+VWLxrkaXOY\r\nlLTGM4J4A68/hTc30BROEj1XU7WE28eoTLEmVCq5x1xx7VQXMsxdiTnnJOTnua6j/hBtUEAxPblu\r\nBhST+uKSLwfdWzOb8sqjhVgIJJ989B/OtlOAmmYiqkboZMBCRnPp3/Sm6mkdpqOzTvNWJwCsZbcR\r\nn0PcGn6zZS2rpG4Zk3YSQKQG9vY+1auj6UeJZvmkIHHUAdhTnJMixQtPty4bAjB7lM/qeK6LR455\r\n7xIrpkmjc4J2gEHHBrSt1ghjbcAG9PWktIo49VtZY1VFaX51HTABOQO3T9aiFRJ2sNw01Oi8OweQ\r\ntxMFBToD64qtLOZbzAjCxg846moLfxBapZ3FqsiiWN2G3PJGeDWQmqRvIXDhQOpY8Vq7yldmMVZW\r\nQ/W7Rm8RWt1FgZ4b6V0qxRm1wSOR3rjZr5Li9tp/NJQSBfr2rodZu/sunFlOMjNc1TdHRT2OMltk\r\nj1S7KH5S/FOljKxlcjBpbeNp8yDPzc0XOI12s2TXpw+E4pasqTqDGAeRWesH7wxg4B7VoPIpQgjI\r\n/WqErAsJImyynp3qZDRIdJ+YZOF65qGaWONhEPmValudRkdQgV84xzVQROFDMvWpbXQtJ9RXK7cg\r\n0tpL5V0pHIqM5bOB0po3KykqMVN7O47XVi3fzyebh2yrd6qSMF6dKn1fykli2OWBXJz61UjBn+VF\r\nP1puaZSi1oXtMimlkMa8M3TNdPdvDbWsdsky5jXnOQc9652K9WwVWwJZlGAT0FH9pSXEYa5ZnYno\r\nAMYrnm3PRGkUo6smur4tuCRxqMda6XQrjboCNuyT1IrlRaG+WTy5AjKOFPJNX4pLnSLGO3ZlZG56\r\ncqTWM4tKxcWmy1czxbmLAH3auavw9xcfLEyxZxuwcZq5cXBL+YxBB5wOlI2ofaIVilI2qc4HelTW\r\nuo5vsY0sLQylHGCK6Pw/LNLavGk7Jt5IH8XHesnUI2aYyFSF4we1WtGm8qSSPcBuFbbGVriSSxQS\r\nMXjJY/41Bd3rNBsVQgP51o29pbXEXmu4LZK7T9azdUgjhlWONw4A6ijme1xcnUzQKQMV6VKVwKix\r\nk0MZKkvapVYt8uPxqsRirdm0eVEn3c84pxjrqFxLfYkm0cgck0+/uFlkUqMAcVr3a6dDatHGFVmH\r\nU9a56UgN1z71V77Bawxjk02loxmpeoDknljHyOQPapY0a6DncN45wepqv0605GaNg6nn1oT7gTSB\r\n4VU5wT1FV2ctjJOKfNK8rAucmo8UmwSEoooNSMDjtUhKGEAA7getRVJGyhSCM5oQF3TyqSMz03VH\r\nV5l2nIxU62hBNUrxPLlA9qkbRp6dcRpbqGPNMu5Umm+T7wqG0t1khDZqQ24jbeKcdwa0GqGwSxpj\r\ndKmkORiq8h7VuZjM1CxyxNSk8cdahPBqWxoXHGTTWBNLmlL0gJbGREkKyIWVuwrb1K/hntIxCMKB\r\njHpXOZIYsK2Et1XSASPnbnmlGXKNxuQW1x5cqgdyP5101niWYykdDXJWUTPexLnIzn8q66yGLZ3B\r\n4LVtB3M5Kw64nEYJIyDXOauwaZSucYravf8AUg+9YV/zIv0q3sJFQLnml2ntTu1C88GsjSwwiVel\r\nKjsP4Mn1NTKSvBGaWVsr6U0DRGZC2BjH0qSNSxwM1FEpZs44q/Go7CnzAokJhbqOldd4Vtb1LaRH\r\ntZghIZWKHBB7g1zhAr17SSf7Isuv+oT/ANBFJzsDicncSnOKzp2ZVJHT0NXboASNz3NZ10x8puK1\r\nvoTbUl0xgiF9u0UmwvNIYI3mlbkhVLED14qg9zJHAOxI6VreALgy+ILlS3P2cn/x4VxdTpexl+dJ\r\nZ3LNe200RP8AqzKhUHHXGfwroLDxdEzGMsIxgAE8gGl+IoRv7N80EjMn/stcPNH5dvIkKnrznriu\r\niKTiYt6ndXPiGORjmUsf9npWYNQKTGeRzEh79CfwrmUuEtrcqjnnGCDVK8vpHlDHd+JzWdSndFRn\r\nY7D7e1xdNIclGGAD1xWRfWUk14TBtAbqTVOzvGOArfSpLq/kjZQDy3GaytbY1unuaVvCsNqYCwO7\r\nrjrmktL1rYnJwRxg1X8oQ24YyFmbn8ap28zzSFChY56jkn8KqMXLRCk7HV2+p282BNFtz2UbhUN/\r\noUGoxB4zGAckZBU/h6Vj7pLdlDRlSedvcj6VP/aTgYK9+Rgipaa0Dco3HhTU4GLIiTx8ZCsA2Poa\r\n646nBJAqypNaYABSaMj269PyNULG/MuQWCgDPB/pVRp/tV2iNIksB3MY1YlvlOAGHYE5OO+OaT97\r\ncNtjR/s/SHgP+iQTHkg4LMT6ZPJ/E1zgsrLSZBfTyu0+8lIYxtVPYnqQM+2a6P7VFDCTHHjjoMZ/\r\nIVLp/h+HxJAmopKkJhmA2EE7yvXdzx/9aktAZX0m3uNRuIbq9Ds2N6R5wI1PIz6k9cdvc9N/dFHG\r\nc4LEYJwAT7Gs6WWTRrtrKZ1xnMbK2Rzzg+h9M9RVOS4m89yzgxnp06n/AA6VnJmkUjSgvw1hNEZC\r\nrw5jznBwB8pz9CKLS9cs0UqkBgThgf69eK52SYC7IbJSZdrAeqnIH4jI/CrsFxbrhioUrlsgnHIw\r\nT+VQ9AsabwwTieJ0UxrICAecHaD+h/nVORZImYR7NwGSOnHqKbZXO62DMQDITIfbPT9MVFqd0sCF\r\n2B+ZdiuvVCWGTj0x/nmnGWthOOlyPzGDK8kgXdwMnr7Yqx9o+SV2UbsEA/3R6D69T/8AWrK1ewFv\r\ncW+pWzs9tOfL+Yk+XIByv9R7GmvNILciVgc9xXbSp/aOao+hiX0zNI08YKMD19aptd3c5EZzg+la\r\nF1aMYGlLgKBwK2tEbTn0+PzwBKoxnFVVfKKnG5VuLqKS0gi8vypFAwR60+91e6u3WznAzjrmq+vI\r\nkS74GyM5zWNbXLPextISTnFZxtLcuV47HQ6fctbt5UzcdjT7xgQdrAk1SuNrPuDHHYCmq0Yx5jOP\r\nc11baHPa5GxYE8nmq05RHDmXDegFWJ2jYHD/AC+9VWjjZeXUD2NDdwSL32+MwgNECw79zVaa8Lrh\r\nVAFQy2eYlkW4H0NNQQovzMWb2qW2WkiPeTng9etIzkgAintKu8lVH1NNMo7KCam47EV4/mNGckkD\r\nGKIbgrxTJQCwPSouM8Vg9zQfJKXfrUsUzIwI6jnmooV3Mc1OsQ9q1hF7kNl+z1d7aQyeUhY9+9SX\r\neqNev5kgxxgL6VnlVHSkQYYnHFW4CTGNOyse6+lMcqy5GadJtJzgioiMjiudx1NLnQqBdaPGp5fr\r\n+VZtqXivUwAWzjBq5pbEQbWzT5Lc+dvTGR0NdEoaJkReoR+WscwkdVkLEg/4VSnIZQXQ46Kw9amF\r\n9JDujaGN2GcMRyKrpcOsZQtleuCK5+V3NLFSQYUVHjFSysCeBxUdWSNNSW67pACcc1HTlyFYgdKE\r\nxE1/j7Uw3BhxzUPl5XIIIqHJPJ5p4YhQO2aSYMTFL0peKT60wAgGkBx1opdjdcUmAZHWmE5o6Gil\r\ne4BSGlpDSGJS5pKKkDZ+2x85FUrxvPk3KOK0rjTliBKkMPas8YG7FK5o13HWVyIoyrVObtXyuKgt\r\n0jZOepNTSwLCqsOSe1VHcT2GtMAuMVWdyeae/qfyqImtbmQ0saZyaWkqRi7aOlGcU3cQ2RRewF+3\r\njW2khnmTKddp71rahMptwVQIrDIFc800k8qbznkACtXVZSsaJ/sipbKQzSNj6gA33QpNdUipHp8e\r\nMKGOa5fQ4vN85gcH1rbu2ZhDHkhRgV0017plLci1SQJBgGuflcu4yc1s6wNqqvNYoHzZpyEgAPNL\r\nik53HFId/cVmzRDhI2MZp20kZzxTFBPY05mIGMUith8P3sCr0MZZhzgVmRsVbNadut1cYWKMjPc0\r\nN23KirliSJQuBXf6dr6xadax/wBl6k+2JV3LBlTgAZBzyK81khvLd23qx9xzXsOjEnR7EnI/cJx/\r\nwEVPNcGrHEzzeY2VGSx6d8ntUc1jeyQgraTMD3EZPFXvB9lJd38k84zHbMTnsWJOB+HX8q7GzJNh\r\nCc/8sx/KtOe2hDPJ7jTdW2lo7K5kjPQiJjx7cVL4Hvv7M125la0urndAV228e9h8wOSPTivU7An+\r\nz7fn/lkv8q4P4fQTRa9dtIAMwsMj/fFZ3Q7NjvFmoT6ytrFa6RqKum4kSwEEg4GRjOa5qTTNXdwJ\r\nLG6yw4URHcQOp6e4r1uTd/a9ue3kyfzSiQn+1oOT/qJP/Qkq4zsrIhxueOXFhd2ig3NpPCrf89EI\r\nB/P6is65ULwDnvzXtmp2cWo3Qs5+UltZVz6HcmD+Bwa8a1G1mgvLi2mUpNC5Rh7iq5uZCtYvWOja\r\njLbRvHp9yARuD+U2CPUcVDdaPrbSKf7OuXTqGSJiCPqBXsOiZHh/Twc8Wsf/AKCKfpbE6NaHJ/1C\r\n/wDoNYWNLnmH2HUXskZbG5YMoIIiYgjH0qHQ3eJZ2MZ8zdjBGDjGa9X0850m2I4Hkr/6DXCeKdOa\r\n2stP1q2OwSQRxTY6EhRtJ+o4/AVpS0kEpXOd1CK+1G8RY7eWWVELbIlJKjPB496pyDV7Eot1FPCG\r\nzt8+PGcemRXW/Du4efxHdl2zttMZH++KufE5dyaaxJwpkJ/IU7XmO/Y4VNTu1G4snf8AhFWtJluZ\r\n7tljtppmYZYwqW2joDgDIHNZHJPFdz8MQV1a84x/o4wf+BCiUFYLsztUW8tUiSSKaIsTjeCpbHYZ\r\npkOoNbr5lq81leAYLRn/AFn1HIYfrW98UpXj/svaAwPmZVhkH7tchCbecCNmcgc7M/OD7ev8653G\r\nxafMWxJNLc3H2vabic5Zj0OT2HSrkjywgYLSxjt1df8A4ofr9apadCxuP9IgM0fIR2JwfYkd/qO9\r\naarII9nk8rxkv1/SsJvU2hHQo3DF4xJGQ2MOpHfH+SPxokcGMAH5ZCq5Hocf0pGS4ju3XZGquN4G\r\nSQCCAfTrkVGtsZLeSF5Gyh2gDgeoPHPcd6NBWZcW4ZW2rl39F/r6fjTL2UKYmuXJVmG7bk4A5AH4\r\n8n6elPgcKoTynT2VSRn2I61b0yG3vdVBuo2WzhiZvNb5VMnYA9+M5H1oW9wexoXkH2bwY8cuQ7oj\r\nknk+ZuUg/XBIrjp3LYXJNdD4q1iC5aK0tZQ8cfzSMvQt0AB745P5Vy5bLk816GDjKNO8upx17Oeg\r\n+Zj5QyTjNCSfZ2BP3WqO4bMQHvST7nsVYdR3rWqr3RMHYdqNwXh5Oc1TsUV5huOMd6rO7yYBPFaW\r\nh2huLoA/d71yQ0ZrLXY0pLKVVH2e4wTzjFAhuVjPmzgD1K1oXenTWzCVWYr6iqU1wzKY51DD1rqT\r\nT1RjZrcozM4jJDoR0+7mqsjEJueJD6Vcuz5ce1HIz0U1VkkPRhkgUgIfMdowduPYU0Bz3Cj2oMxU\r\nsqgVH5jDr+lZNlosxxptHBJqTbEMlic/3VqvGzyKAWwP1qyZ47WIbVy3rUlqw2eMSR/6opjpnrVH\r\nYecjFXo5ZLnJfj0ApdQ2oyIo5A5xV8l1zCcuhVhGCcVOKgjODUwIrWGxDEanRkYOaa3PGaVQAOtP\r\nqIgPU0oApWGGpVGc1jbUsv6cWYMM9KmkldGKjj3qppcmLjaD14q1djHrW61gZ7SKE3Dlick1CzZ6\r\nVLMegAquc5rnkrM1TA0lHNFSAhoDlFYdjQaa3SkwGtjbxTRngUdeKcoIxUpXYD6QinUhrSwho+8K\r\nUknvTTRuqGUmIwptKSTSUhBRS0lAAaOaVjk0BgFIxzSAv/2m7H5hj6VGZFbceBVPBq1aQCYEselT\r\nYtNsZFMY26ZFWmuvPUDGNtBtEWnx2qsjEHBFVHcGnYqsCzU0iln3xuVDZFQb27mrujOxIcCmnk9K\r\nbvNAJJ60XuAMe1NNOZenOabUMZc0y3825Vn4jXkmrOrPHLlo2yM4qpb3ASNkY4BphDeVwCec5FA+\r\nhpWTGymUdA6g1tyXURWNQQzE9axtVtbiKO3nKnYyD8Kgt71YCC4PtXTGaWhm0a+uDhWHSsB5FRCQ\r\n2Wq/qGsRXcSoI2BXuaoXU8NzMGjgEZIAwDxxUzn2GkPtCJn2mQIfetldJDKrGdSp5PNc1uOfar0c\r\ntutttkeUvg8A8A1nzlIvFdNjmMTzEnOMjpV0WFgLcEsSx5zXOrLb+SqNCN3ds81v+Hp4JwFmjJaP\r\ngE9CO1JSKWpLb2Vv5eUhdjW3bW8iyRlYAqkd6I5iheOPyox1yxpN5eHEmoAFey03qaJWJ55IYFkS\r\nSME9cmt6010Q2dvGulajIqxqAyQ5U8dQc9K5WeKIglbmWXcvpxXf6ZxpVoPSFf5CktBTZhaLqMdh\r\npkcKaVqLFsuzCHIZjzwc9On5VFF410u3tEieK4LRoFICjqBj1rpNNOdOtT/0zX+VeH3k6+fKu7GH\r\nP86q6Mz1DR/Flpc20MEVndMyIEJwuMgYPesPQNRfS9enjmsbmaRoiNsCbyBuHJ9qwtO1SysNPT7S\r\nkrO2SpQ4ra+HcrXPiS7uDJu3W5wCctjcOtS0mUnZWNy+8WQ2l9DLcaTqUUYR0y8QGSSvTn2qtJ47\r\n037fFK1peKixMvzIAckqRjn2NXfG19FaQWolkRC24qXGc4xx+tecXmoRzzLJKS+3kAYAzT0SJtc9\r\nEi8Ux3d3HdW2lahLGkTqQkYLZJUg4z04P6VyvjG5t77UIrsWF5ZSSoVf7TFs3kYwR6nHB/CtX4da\r\nxNe6hc2jqAiQ71x/vAf1rQ8f2UV4ll5rEMm8qR+FTdpFWTehWs/HulWljbWbW93JIkSx/IgOSBjj\r\nmren+KPK0q2i/sHWH2wqu5bfKnA6g56Vzvgbw/52uPeTYe3sxuX3kPQfgOfyr0LSSf7Ds+f+Xdf/\r\nAEGhaktWMDTvFGzS7aL+wtXfbCo3rb5U8dQc9KibVor3w0unz6JqrxvbKhZbfIyFGGBz6gGuk0on\r\n+xLPn/l3X/0EVzviXWW0vwVaxxPturuBYk9QNo3H8uPxqloI5DwBqY07VrmQ2d1dbodu22j3sPmB\r\nyR2FbfjK+l1aCzaLS7+BYy+TNCRnOOmM+lUPhUf+J9eY/wCfY/8Aoa16RdKGuLUtg4fvUurye8VF\r\nXdjxYJAxzuAb0BrpfA96LLVLhxbTzhodu2FdxHzA5I9K5TUI4h5sqAgNIdn0JJ/lXW/CxSuqXhye\r\nbcf+hCumU9LNBYl8fXTamlmRaXNsIhIczpt3Zx09en61y6W+yMMzBGbBIB5rsPimSP7LA/6af+y1\r\n5+Y3ZljUF5G6L1qFJLoUti6mp3drNvF35hA5Tkg49f8AGtiHxBBNGvmwmBzxknK/oM/pWALYwRlm\r\nAZuntn/AUxIXl+Z3/Ksp0lPdFxnKJ1cV1YBizXcTu4xknAwOwHYc1TuLyxt7tm88OjqM7ATyOn6E\r\n/lWQkCR4Krz6nrT5SWUAOQw6ZwQfalHDJbsuVRtbHQaUg1uOdIsxrGASgYhyvqSB068DmtPXJRp+\r\nj+XJID+78m3jCgAZGDgdgBz+VR+B7dodNuruQZkuHESnphRnP6k/lVbx04VrNTjOHbHt8orFpfWI\r\n01sTzP2bkzlegpqkk80mcrk0LXrHELKcjFOhO61de4qKQ9qdbMRuHrS3Y+hmscMR711vh2zdLMXH\r\nAGehrlnT/Sdp7mu50mezitdksqlQPu5wa4WrXNomu02bV2Zd8hXCIOgrm9TsP7Pt4JQC88hyynpi\r\ntFboTzfuG2qOininX5kuMeZ820VCbWxpZM5C88x7gPIhUdsdKdI8IUBcFs8+taMkcjJuaNioPYdq\r\ngGn+ZL5qH5cdK09oyPZoxyhR2OM5pMegzW3LYbV3MQarC3jXGB3pKQnAp2tuXmCk4Bq5d2aJ8oYZ\r\n64PWp2gxhgMY5yKrXN3AJ1OSSAQc0D2KtvMYn27Q3NNuJDNMzkAdsUwsCxZeKaOeTW6eljK3UcpA\r\nqYHioR1qbjFVFgwzRjNC896l8sY65p7iIGFNXvVkxqACeT6UgGDkAYrOW5ooiacoW7LHoK0Lj5g2\r\nTUGniIzMCpLMOCOKmmZYWK3ClT2YdKunJWsRKNmUJhj0qsatSGN8lZVx71VkODyw/Cs5jQ2ik3r6\r\n0+KKSdtsMbO3oBms7oY6Hy9+ZASPQU2d/NYbVAA9Ke9ler1t3H1FQg7PkcFW75o5k9AsCRZ+tPKF\r\neMimhirHBpskjNwRTTSEwJw2M5oODS+UPU0eX3BNO7AYabTipHek2k96kBtFP2+/NNKnOO9IYlJT\r\ntp5zQFBpCGUvahhikpDFzmtCG4WKMALWfTgxHekUnYutd5PSpLa53blxVANzzzVm3ZeSODVJBe4l\r\n2f3xqqatXv8ArjVXNNkjaetMNSR1KAHqOppxhqhIxTYBW3YRC3t1Mn3pWAANYyqcbhjipGuZXI3O\r\nTjp7UhrQ7bXri0gtUV2ySmAuPauJBBl3N0oe5mc5eRmPvzTfPk/vfpTuA908yTK/dNOMI6oDx14p\r\nEuZndQCM/QCppsmz80Ng7tpBPNAEETBn2BS27+Edc1es9FvL+Z1SPywhAYtUGjXEdtqUcsuNo4ye\r\n1djBeadaW/7y/jZ2dpMjk89jUNlxinuc6+i26XkkDXWDHjdx+dTQ3FrbsILZyVB+961Jd6hYxQ3M\r\nlrL5s83LMRjA9BXN72B4NUmErLYvX97JISQxHPXNJp+p3NtcptfcpYAqwyDVRmDRgZ5pgyrA+hpE\r\n31PR5DNJbhlgUAY611Eerva6dD/xKr6YpGAfKjBzx1HNcbayCWzAMzkNGOBXoumn/iW2vJ/1S9fo\r\nKpGkznNO8UsmnWyjw/rEgWNRuSAFW46g56V5mdC1m4Jnj0q8ZJPmUiFjkHn0r0P4da19qs7nSpW/\r\ne2rM0fPJjJ6fgT+orqNJJ/sez5/5Yp/IUbmR5Q+jvFo0fnws1wBnZ3Ue9P8AAd//AGXrdxILK6vC\r\nYCuy2Tcw+YHJHHHFdp4yWKDR1vmaRUKiMmL1I4J9u1cx8LD/AMVHd44H2Zv/AEJaiN76mtRppWE+\r\nIerHU47AHTr2z8suf9Kj2bs46c9sVxsULy5I4Feh/Fv/AFOl/WT/ANlrm9JsIr7S/wB0pW5XPTow\r\npydiIR5mXPh/dvpusXMhs7m63wbdtum4j5gcn24roPFV6uovaF7e7sjFuwJ02h846c84xVf4c2sl\r\nrrN4smQfI6E8j5hWn4/Kr9hZjyPMx+lPoVFWlYXSdXTS9NS1h0HVpcgu0scAKux7g56dMewqjZfE\r\nTSbbT4LZ7S8LxxBCQq4yBj1rstJbdo9mfWBD/wCOivApv9dJ/vH+dPYze56rpvjbTY9It0a3ucxx\r\nKhwF5IGPWuI8Q6m+qTwsQVjghWGNT2AHJ+pPP5VVt3Is1FQzHqaodja8A6j/AGXrFzILK7vN8BXZ\r\nbJuYfMDkjPSvQZNSn1LTriaHTb22lhSTZHcR7WZihwVHOeTXlWialJoWtWt+mSqnDqP4kPBH5frX\r\nt8c8czRPE4dJI/MRh3U4wf1FZyXMrAnZnjF5ourvIkA0y7JVcqPKOTjGT+ord8HPfaDqMzXWjag5\r\nlg2qscJJ4YZPOOP8a9EkJ/taDn/lhJ/6ElOcH+1IWz/yxcf+PJ/hWrfM7gmeeeN7+XV5dPC6Ze2h\r\ni8z/AI+owu7OOnPQY5rnbRordpCG3kKTJL6n0HtXY/FKWRY9NjRiA/mbvf7tcLI32VIgAc5DNg49\r\n8U4uxrBaXNE2JkiRpeXK52dAPaqsqSwttMWQPQ1qWmxbcTqJXSQEr5jk49vSmPtfqMHuK6LJovlu\r\nZqSjOGBU+9ObG1s9AKfMoGRjg02CJp5I4EBLSuIx9Scf1qL2Fax3+hwm30HTYiPmMZlP1bn+prhv\r\nEt813rFwxbdHG3lIB6D/ABOTXoepSrZWd1KmAtvCQuenyqSP5ivHTM5z8xJJyT6151CV6sqnyJqa\r\nRUTUsLebUJGjtxuZe3tSXsaWaYJJlzgr71nQzTwgvFKUJ4+U4NJmSeTLMWb1NdftZGFkT5J5IIpU\r\nLmRY4+WY4FCO0hWMnPOOa0dL01/7RjaaZIkxlWbjJqnU00Go3N6x8IWT2vm3ly7SEdFOMVVuvDFm\r\niEwzyA9iTTrmz1Ca6jgiAAY48xHOMetVNVa7069MEd1JKgHJA71z6vqb2S6DNNu5NPvRa3YDoeFc\r\n1sTSGTIEuz8K5WWdpLy3Y5IDdTxXUTzQGHcQBmhiiVTdmMbPtK49CKz55pIlbad289RVuW5t9mTs\r\nI6DIrIkuEN4BGMAenShMp6GlG2LYFgRnsaMDyywwKjDNKoVTkk45q3dQRQW21tQgMn9wDH61cbX1\r\nJeuxAhnljby1yFGTisB0El0Qzom5jkntTpp5TK6JIfT5W4IqF43RgZQRnoTzWk5J6RRz69SdmjG1\r\ndoIxjP8AWoiwTg0pQvtCMHJ7DrU17GUkjDctgZpOY+UhDgdaf5qggEGgMS33RVq7AWRRsXoKPaND\r\nUblZZol5O4D6VIt1Dkfex9KLyLbZRNgDcaSwiG4MUDA8c0vbMOTUeZo8jOfxGKPNULnOR61e1NI4\r\npU/dLjaKqPNGLL/Vj71QqlzS1h2nsr3BJPA54rWXT21CGR4xwpyWY8CsXTSplkBX8BzW7a2qXMLx\r\nsXAXBCA4B+tEpWVxRVzAv9NNs25potp6bTmqnlwgczZ+grodUhhhtGcwRv2yFIA9s9654KJWySFq\r\nVK4pRtoAijdgsbEk4HIrr9K1HTNCtdjkNOw5IGTXJQIFmUqRuUjGehrXur/TSMyWf79SMqOjfjQ9\r\nQjoatzrdnlHdmBbnp2rG1Nre+HmQYLDn3qpf6l9umDfZ441UYCjoBS2bRvHKREQ+ONvSla2pXNfQ\r\npp90gik43jmlkVkYhsg9aZ+NaXMmW1XjPWmsKYHKqMdacWLDtWiZJE2aZnFOY+1MNSxktvG0syqv\r\nU1o3NjFDCCGJkI5zVPTR/pBbcAVGeTipnW7nMkjHKr3HSpKRRKMOpqPkVJucnkZprqQaQhGOcGm0\r\n4/dFJQAUUYxQaACnoxDAim4NA4YUwJ7kkuD7VBirFwOV+gqDmhgNNPQ4IptLGPnApAT3S42n1FQM\r\nS5GevSnzuWfmmRnDrn1obGaFzZLBaKcEyMM5zWbV66cugbcdp4qjzSRUrX0DFGKKMUyBfxp2WK7c\r\n5FMxSgUAKhAOTyPSpDEXbMfzD2qMJnvW94atfPuCCuUUZJPrSeiuVFXdinY6eGJaYZAB4oksFGCA\r\nNo6kVu6nIsazCNVAUY4rEtrk+WQckE9KumlLcuaUbFdrYBTlOnetLTdPt5cM8efYmoY8L8mSynoT\r\n1rTspDA25QOmORkVnJOLszWEU1dGmXEEixwRAKBjk8V2Vlq0kenQk6XesUjUfKgO7jqOelcLKsY2\r\nKJWOTk4r0zTeNOtQCceUv8hVIieh5HpU/wDY2uR6hFuBRzuU8blOQVP4V2Vn420+C1t7QWl07rGE\r\n424JAxxzXEtKrTSKwH3z1+pqzYWcc99ApPy7s8H0rLmaNfZxkdxPdG68ODT7nR7+VZLcRsUQHnAw\r\nw59QDXEeBr19J125Isbm8YwFNlsm5h8wOSPTivWrcYtowOmwfyrxHStSm0bxAmpIciOU71/vKTgj\r\n8q18zmdjqvGE9x4jksreLRNTgePe372HqDt6Yz04/OsjStL1uwv1iNhdbWBIHlnoMZP616f50c+r\r\nWM0Lh4pLWR0YdCCUINSSNjWLdfWCQ/8AjyUNXCMrHKabJd6Xrsl3Npd5L50BTbEmTkMCSc9v8aqe\r\nMtRa/wDse+wurQJvOblQuQcdPWu7YZv4j38tufxWvIfGeuvquuT+WW8iH91GPYdT+JyfypWsrFc2\r\nvMd5pviR49LtkGharIqwqBIkIKsAOoOeleeL4d1C4HnJpt4Y3+dWEZOQec12nw01r7Xpc2lTPmW1\r\nBaPPeM9vwP8AMV1elf8AIFtMf88F/wDQaq1yLnksXh7Vvs6tDY3EkZG5T5Z5HtUR0PWZUDLpd0yk\r\nZDCIkEetewaYT/Y9r2/cL/6DT9Pz/Zdt/wBcF/8AQRTC54jNbfaGgjRgCRjJ6CvQPBWqRLJBpJke\r\naS2idQ/bBZcD8Dn8K4fTraWe7KzgiMMcE112hQtaaoYABteNsHHcYIOfwrGrJwVzaEFNFufx9p8W\r\nogvZXa+UrxupC5Dbh7+xqS08a22o6kr2Wl6hOY4WDLGikjLLg8Hpx+tcn43tBbeIHnRcRXiCYem4\r\n8N+o/WtH4WjGtXw/6d//AGYVqnzJMzcbEnjXUW1J7Avp13ZiLef9JQLuzjpg89K4y+JaQeuMn8a9\r\nF+JA3Npq8/MZP/Za84uGWSZ2BxknH0pt2RtHWB000cT2sUKKWRUGAuTgfhWZPbwoTjejf7xH866e\r\n28SXFtpNutntt4VjACoozkDBJJHJJBpkmuawIQ13LDMG52Twq3Hp0pPEJ9DXlbWxybC4AwGLj/bx\r\n/wDrrc8G25utbSd0xBZgyOx6bsHaP5n8KlD6Lqj+TdWq6ZO/3bi2yEJ9GU9PqK6WO0tdE037PEcR\r\nQrvlc9XbqSf04+grOpX5Y6Gdruxk+Lrs/wBmvbAnc/zyfQnIH5/yFecoQGycfjXaX9w17LuYEtJx\r\nt/kPwrPudBs7WBnurpRKRkKpAxShFU4pGc05O6MOKS33MZkB44xxzUkE1skgLjK55A4OKpsoDnB4\r\npMHtWlzEvzXy728hFCZ4BHNQzX9zL8ryEKOi1FA6I4Zk3H0qeS4E7FzEq47Chsa1LsGsXK6aYP3x\r\nYH5XU4wKTT74mQidmdz03c1Et2nlCPcwH5UPLBuVo+WHepNV6lxlN1cBuBs9qddZcBC2VHcVJp8t\r\nqkOGkVpm5IqO72khVQj29aAepUMUmCu8EN0JqqsRjiLlhnd2q+wAhcABSPX1qLysxYHp39aVynA3\r\nPDKRvdB3QSqBwD61o6lLZxh1jt4y/UhUyPxNZfhTclvcTOCVX5RWdrNxO8jG3MgXo3NSneVirWjc\r\nz2RV88uhBLZVgOPpUO8GIKoLPuzjFO+0XcagMzFPQjinR3m058sKfVa1baObRnR6LZQ3MJubu2S3\r\nAGN54J+grL1myMd4rxsXtugc9qjS9ml2gO7AdjW3YX2yFvPt3khPDEr8tZSk46nQkmjDt7aOSUKk\r\nyls1evbTM+4yADA5NSvpv2QHULdFa3c5A67RVi1AuGEk3K9hTS5tUzKUnFGTqqqlnbrvHU9Kh0tA\r\nzEFwMHPNamuWIlhWWI/cH3axbSOSG5MbIQ2M4pctlYyTvqdDrVqkio/mIDs7msK5tzFaqCynntWr\r\nrSH9wdrD5B71h3LN5EY5AyeKmnsi0x2nyGO5Y5HSt3Tp5Z5pPJ+XykJLHnmuYido5Ay9a7OFYtM0\r\nFSQN8gLknqTWk3ZWKhqyOa8j1PQUspZv3wkJc49Ogrk5oWt5jG+Rg+lbGizItzK7R73kB2j3qO5u\r\n3a5LTxIx6YxUK8XYppS1MyRQi5BYMen0pZQu2NSu18ZZietaGoui24ZAFLDGKsXmmtPpcNzGoBCj\r\nJ9armJsYaxKM7mFWIJUhbCAnPUetVvKkLcjH1qQPFEAqgse7VZGwlzKZJ2YjHtURapUCys2Dg44q\r\nJ1KNtPWmTuSIM4qVhtqKPtU0vK5B5FaJ6Ekun26zzPvheXaM7V9feoL3y1mKm3EJX+EHNbWiGI6b\r\nPlG3s2MhsZ9s1hXkTxzuWUgZ9c/rUNl20GCQeWVCr/WgTSohQOQp7A8VFTs5TBHIpXEOVjjGaQtj\r\nrzTAaCaLgOb2plLRigBzY3cdKacZ46U5ueabQBICMUynABl44NNCknA5p3AleTcij04qLNB44oxS\r\nAAMnFaA094kEzMvTOO9Z4OGB9KuTXgl5AIOMUFxt1KsmSxOKZUilgM9qYoy4pEj3YiNVJPrTFbDA\r\nkZHoakuZRLKWC7R0xUVAGit3FLEYVsYg5H38nIoW1woyF/GoLHhmb0FaO5cc1vSirCk2ym0CYIJF\r\nVzFtbjBFaJRXPc/SmvY55Vjn061coX2JTKSc8AZPTFdrptuNM0gbgBLJyfWsnQtLVZTd3S/Kp+RT\r\n3PrV/UrwzzbQePauSpK/unVTjbVlDUpAtqxzyxxWGcCTA471q6urG1UAfKpBJrMu4HhKM/8AEK0h\r\npEipqywsimHhfm7GtS1+aMH8K58ErggmtyylBjAqaruaUTTtJI/LdDEGlTufSuvg8U2dvbQxyQS7\r\nlQDgrjIH1rz29B25UkHpkGsO5aVCAZGP4moix1EluX5Zl+0ScY+Yn9a1dKl8s+cF9gTXMW6vPMqA\r\nnmunhVUVEU4C8fjSkFPXU7U+MbKzso/OtrglVCnG3k47ZNeS3Um6RyP4mJre12QCxjCkZJNc3J9e\r\napO6MqiUXodj4X8aRaXb28N9BNMtukiRmMjO1ipAOT2IP5itqX4iaUdRhuVtLsqkToR8uckqR3/2\r\nTXmQpTj0xVXMz1KXxnbatDILGGaJ/LaMmTHGSORgnsD+dcVq9k0im4iHI4cCqOjT+ReDJwrcc1vB\r\njFMScMrdR1GKht3ubwScbGHoOpzaRrEF7FyYzhlzjcp4I/Ku/svH2n2+nwW5sLx2jjCErtwSBj1r\r\njr7Rxu8+1G5W529xVN4LiLAZGjHrjA/OmpEOm1ud5afEHTLWwgtpLK73xxhDjbjIGPWrVh4309bK\r\nCA2tyXWNUJG3GQAPWvLpYmQhmHU9at2zrAd5lLN/CnfNXHVk2RrLcSNcCNl3Bjxt7VZ0y7uItcs1\r\nuHbiXYc9MMNo/mKjtZkitzKwHnMOnpVO6mffGUBaXeCo7ls8friprz9p7q2OinDkjdnY+K9OOoaH\r\nJsXM9oTNH7r/ABqP5/hXLeDdcg0LUJ7i4hllWWLywI8ZzkHufavRID5rRSnHz4DDtz1H515w2nJb\r\n63e24HywSsqg9MZ4/SufBSclyvoXOCbNbxj4gttWtbZoIJYnTcP3mOhx6H2ri/LLYOATn8a0Z4bi\r\n7kO2MgdBngKB3J7VRlZI2KREuem6uuZDilobemt51mpOMW7bR6HHNQ6rNKzgs5IxTdJybeWAHLnD\r\n/h0NPvoWaNXOD2rkbtI6ErwKqSMyc8mtq0vZ77QL3TlJlkt3DIpPOwHpnuOD+lZCKRKAAMYBplhc\r\n3On66ZYVDEkqyt91lPr6eufaq5ebY55e7uD6kYyjBWRlPIIqvf8AlTxi4+0GSRuoNS6hOt3cCNVA\r\n3uWOB0yelMuLSGGEccjqTWreplrYzKeFPY0HAOR0pVkHIIx6fWmZqwRSmKQMOcetOjkXziT0NQGn\r\nxgFsE4GKATLhEKg5YCoCB5gCnjGabEBJMNwwo64okYl24xmhIdxof5ywODVu3vpVkXzDvUdjVPil\r\n4B9TTEnbU157pJoWdVwBVKO7cuFUZJOBS2kyrOruoZB1FbOlm0lu2dIlIByOMVk9DpTc+psWcQtN\r\nPWIjkjc31rnL2VhNJgcE10d7Kfs52jlq5LVyUuhtJ6frU0nZ3NK2kAedJLd1ckNVRMrtLZ2nvTUO\r\nQTWvaJHdaTJGdu+PoO9dTfOcSVhqCK0tjcqwdv4frU2m3E6Q4muCscx4XGaxo494KliMdB710UMZ\r\nttNtri5t90Kty3U89DXPKOhbnsbthLA0PkPwh4waZLpz27GWFTLH2A7CqFpPbXRYwOdy9AeD+Vad\r\nretD8hJNc6lKD0LaU1qUZZ4iDgYYdQ3rWDqEhXVY7iJsMw59M1193Bb3yDBCSHvjj8a4vUIPsl8Y\r\n5OqnqPT1reM1Mx9m4mzqt5LGkQBBygJOK5u5maRV3YJyelbGoNAyoC7A7Rx2rKAjSRXyWVece9KC\r\nsW42A24guIY3IZjhmx29quapeyXcixg4UYFZckx8/wAwCnNcKRuAO6tWrkXsaO6O0IkGC6jjFaLw\r\nwXVglzGoZm5I7g1zDylvWtvQLny45It2M8gVE11KhLoylqkLKUfB5GPpV2PV0i01LZ0LYHY0Xh8z\r\ndGeQeRmsRgwYqw6UJXWoSdnoSXFy0rHA2r6VCFzSqjOTgUFdvU5NaGdx0bBT04pZmEjbu9M47UlA\r\nEsHLAGpJT8/lqMs3FNtY3d/lGa6DTNHeKQ314FBH+rjzyfeq5rIErmIZWtrdrZ1w2c1Cl2627QYB\r\nVjnnrU2oSbrmUEg/MaojrSQyTIBzilDbuCABTCOKQGgQrIVODTamUhhtbpSSQsgBHK+tAEQooopA\r\nL1FJTk5yBTTTAUHFLuIORTaKAHj7uSKaacR+7FNFACVZtLKS6cLH3qvVqxvZLRiUxyO9A1a+ok0J\r\niyjdVOKgTjLegqd5TKrs33jzVfpH9aBy8htApKUHFIkuaaoaYqwyMfTmrs8cec7vm7AdKy7Zts6E\r\njIzzWnKoR/lFXF2RrFJoS3G5+cjnGO1dTb/Zra0CRqpkPVzya45romQnGB7VaTVARg5U9Kqq21ZC\r\np8qepuTXRZm28qvpVBA28yN0qtHexiNl3DLHJNPjvIFwsjHb7Vgom3MiG9unKSRlcq/Q9uOlUria\r\nSdF3nO2nXkkbzN5Q+TtUJGFzW9rIwbux1u6F8NWpasFUjuO1YHQ1pWW6TIWXOB0xWMjSnLoash8x\r\nTyMYrFvVO1WPNaeyQxH5z71VuQpgZRzipRrPVEOjlVuST1A4rYhlIcnr/KucgkaGTdtNasd9EI+p\r\nz9KbRFOSSsXdSgjmsTKz4Mf61zWdzHPTtV6+vmmjWNWIXqRiqSAbuTimjOpJNmrp2kLfi4xIUMS5\r\nAx1NRxaeJLxrSWbYU4U7c5p9hqa2PnDBLMwOR6d6dNfQNrDX0bsi5BAA6+oqidCtPYvZq0rSKSj7\r\nQB3rUin823jfIOR27GqOpXVveFfJzGoySCO9TwanbweGvsaqDcebuJI7UmrlRlys07aQ7QC2PT2o\r\nnvfLt3jnAI5HPSsldRiEYIbn0NUb2+e5+XoorPlNnUSRH5gMp5IjzkCrELxq37tMsf4m5xTYLOSa\r\nzaVFY49BxUETFTjpV+RjF2d2a8TFvm3VVvJC0yYOCOeKaJwseM1BIxZixBGamK1N5S0sdt4c8T2s\r\nFnb2NzHMrxk/vEAYYyT0zmtO5tdG1LUJ7qy1+yRpjlo5/lwemeoNcNpADee5+8FAUn36/wAqr3Ko\r\n8h5XOauNNU3zR6gm2rnYXmhReUYj4g05Yz18tsk/rVBNI8O27gS6nJdN/diHH5gf1rm0j2MCvNa+\r\nkpDJdLHIwy4K59Djj/PvUz5n1NIq/wARutc6dHYtbWFgkSsRl25dsH15P61nXyr9kJXrnJp9taSR\r\n34R1OxQW9jjpT5YTLGVBHzfpXNLfU6IpJaGXbgEsepHFVrpnheOTcdvII7Z+laDokcnlr0Ax7596\r\noaqM2LEHO1hjHvWtN6nPWWhRs2ea/wDMJ561o38JkgaQnIAqjpqARM3cnArW2F7dlPcdK0b1MIL3\r\nTmCacucHuKJUKSMp6g0oPGCcCqOewIwDcqGFB27sr064NKpXbxn60LGXYIoyScCmMdHIyMzYxn0p\r\nqK0rMR25JNdCPCeptamWOJGLD7oPb3rCdXhd4pFAZTg/WkNqxA33jTgvHrSMDuBqcMAvamJIag28\r\nnirlhdmCZgACDzmqZKHoMH60Rf6wcDFTJXLi7PQ6WS+MsY6DtxWRraY8p89RilDlFw1Vb+fz2RV5\r\n2ipirGtSV4kMe1V5OK0tFdPtLJuA3DjPFZyQucEjIqRYiJFOO+K2jdO5hbQfehLfUJERgy5zkc4z\r\nXTWlx9r8MyxuQEUEZP6Vz+o6ZJbbJeCsnQCnWOnXd7FIkTEKvbOBmk077EvYpxXD2l55sRPFdFBf\r\nJcoJQw9wPX3rn2szGrAth1JBFV0llt5CUYqaxlBSKjLlO9tJ42jPmEAdjXIa3cF9SlIfcAcZph1e\r\n68vYNoPqBzVNYppiWRGf1IGaUIcruy5zurIla8uJMEvnAxUbTOwIY04RSx5LRuo9xUZAPPStLGbb\r\nGE5pKswRJKwBOO5pm1RIQOnYmqsSRYJq7Zs9vcQyspCnj8KjkiKx7lYEU1LqZWVid20YAPShoEza\r\nuQGYFTgevtWVeNE7YT73c9qbLdyzrhjgegqueKlKw27knmbV2LwPWmEmm55oJ9KYhSQKbmjNJQBe\r\n05yrkduprVbU5UibLZyMD2rEtG2yfWpZXGSO1K1yk7IrOxcsx6k09Uj8ktv+f0qHPUUlUiR2aSjN\r\nFAEqHePcVNFMVG1hkehqoCQcin7geelAFowwy8qdhqs8TJIFb9KMkcg04Sk4z1HQ0hkbKV57etNp\r\nwYjHcUEAGmIMfKSaZT85FNNAD2PyqKbSt2ptABVq1tlnU/OqketVTS5I70DJ5YxC5QMGHtUDjGBQ\r\nOfrTpKBEdFFLSAAcHNaHmyTxjntg4rPq7C5SAAA7jWlPcd2thJFC4VRlqicbTg9aeT5ecnB9e9ML\r\nL/CCfc1bEIMntTwO1M3H2o3H1pLQY4kfjS/eAGaaqszZwTUixSFgApo3At2tzBBD+9gR/cirCXkE\r\n8o8qFY8dSO9LbaNJdxFTIqd6adHutOmDvtkiP8SHOKznDqjWEmmTzkKDtqh5hRvM/unNXpQZFAQF\r\nm9BzVC4jlEbfu2H4GskjaTLX9spj/Up+Kimf2wO0SD/gIrEIIODxSkAAYOTVWOf2jLF9c/ap9+0D\r\ntwMVWpcHGe1J1pkN3FHJFWhE0iLEgLY56VBHEWNdPDGr7FWNcKoBwR+YNXGNxpGAbKZId7KQp6Me\r\nn0qp7V1GoHbZmFolA5Occ/4GuXPU0pKwNBikp2CakitZ5SBHC7Z9BSsI2dBsru7jMaSmKE9TV268\r\nOWkHDTSA/wB/tmp9MZoQsBjeBiBgsCMmrc077tknXpz0q1E2W2pzcdillej7T++hx8rL0JqrfyBp\r\ntqgBR0ArYvbN1JaIgKeSo6fhWS0cbSBJWKt2Y9D9alxsN7WRa01sRkAY4/WqtztM7EHac1btzHay\r\nHcVw6kZJ4+oqO5s5mbzFXcrchh6U5ysrMuOqsVFbbn5iTVqxkMdwrejA/rSw6fO/91f97IrWsbKz\r\niYPNIoX+8/RTWDmr2NIxa1NNdUXUDIYotkcWE9znJNJvChS/XnBxjoKjjktVkmFvcrNuUEgEYGOO\r\n31ps04Eec9ARWM17xtB+6ZjvulZgTzxnvViHT0vY2hcgKRnk45qCMZyTyc811mhaPPc2LTiZIlZi\r\nMlck44/xrSFk9TKpscTfWM2mbVKgxg8MDkVJa3AIUkg11WtaDePA6xyJOCPu4wa4J0uLCRo543jY\r\ndmGK0dnsYp23JtZiRpvOTAz2qiIBjJNLNM0zAscAdBSeaAMc00ZSabuSRRebKsYC88VpR2ENvIsh\r\ndCVIPLY5pNCt97PcFRtXpurqLa2sZoyjxozdDle9Wo8wKyV2TQa8f7PlZLYska8lXB7V5/MyXM8k\r\nhIUsxPNdB4mhhs4Vgt1CbvvBTjj3Fc7Hb+Yyqu4k8AAZqLWYSdyJ42jPqD3Fdpoej28tqjS2ysCO\r\nWPWodH8KTIyXN/gRjkRnqfrW9NeQQpsVlVV4wOBWM59Ea04W1Zi6zoen+WxtlMcn14rj3zGSucMp\r\nrptW1eL5gjZPasa1gWSzmuJQSexqqd7aiqJX0KTTyyfKWJqaCHPaoY9obPWriSqq44FbRSMvUlUb\r\nRilwz5KgnFR/aE6ZoiYSXCICcZGR0yK1b7Abl/pl99khVYmllkGSuQQg9qoQ3Vxpkblg0TMwGWXI\r\nq8J5buR5BcSR/wAPyHAwKydTilYlRM0kYPCE55qPeW42k1oPt7uyErNLIctksdveqd3crM5EKgqf\r\nbmofsEohMrEBR+dOtYEYMWlCDHB9aystyddiAJvXcq4x1q/peq/YInTZu3HNUvOkQFF4qA8n3p2u\r\nK9tjVvdXa7iKFQM+gFZtIsbnBCHH0qYqq7RuU56mqSE3cjRtuTmljCkElsGnmOPI+fANRMFUkKci\r\nmtBA0hOVBO2mk+hoIHUUlJsBykqcih+uc5NN6UUAFJRSikAlFO2sBnacfSm0ASxK2C4OMVII/MBY\r\nvioEJ6DNSgMqN8pqkIiCliQASaeIypy3HtSI7x528ZpGct160hg+Cfem5pyRs+cDj1pGUDo2aAG0\r\ntJRSAcDRuNNpwUnoKYAKV+1IODTmwyg96AGrSHrSr96kNAC9aMEdqSlLEgD0oATNLmkzTvl9KABa\r\nkWIyvtXlicYqI+wq1YNsvkYjoaEM000q3tYQ1yS8noOgqrPLApISBCPXvVu7uw5Izms59r9a022G\r\nNWSJW3LGuffkVP8AbTwSoH0HFQBYx0IoOw8dvWmroRY+07uQFP0ApjSRseQAfQiqzQnG5Dn271Hv\r\nbHJz/OnzdyS2sYmc4KqPpUpht41JaTmqccpUbQQM9zVm2tBcSAl9wHU/0oWoEtuQ3MUTOexPAq/D\r\naMxBklCv7dKmMtrbRqHUD2FIL+AjEMJLnvWlrFIlMcdqRiQlvXpUv2sGMgHPrmsu5YhvmPzdcVVa\r\n4KZ+bBqG7Fp2NrTbyO1vHUhdp9as3sRuAWjAOe6HmuVjuA1xuJ4PU1qwXElvgj5k7HtUxsPmuRXN\r\nkSSJY93vjBrPfT3Y4Rh9G4rol1G3m+WQsp96SSCKYAgB19V61TimSzAOjXhj3oiuO+05NUmiZGKs\r\nCCOxrp1tpostAWmToVBw6/T1FUrkpMds6gN2fGD9DWUo2KUE1czVjIaJ1J2t39K6G2s3ZQVIY4yR\r\nWVbuYHMZ2gfpV2HXBA6hIzuHHBoi7GiS6kurwPBp5ftnGPSubjgkkIwhx611t5dpf2oWUFO+2q8b\r\nJGoK2wA/vSHFUlzbkVI2ehStLSNcFIwzerc1uWEDoQ7MR3/uiqqXbuTtZQO+0cfnTJ9Q2/IrFj3N\r\nVohJHRG8DxGOUK6jseTWFeTxm5aANkjlc+lUDflTktzWbc3rPfCYduKnmsU3Y2Wikc8Sgj+6RVe7\r\nt1aIqw+brx61NaTiWMNGQW/u96mDjJ86Mj3HNVoxmDuYApIDkevNbmjv52msneNtv0B5FQ3totzE\r\nZIwuV9OD+VV9Am8nUTAxwsw24/2h0/w/GuerHQum+WRowMAxAJx15qO+jJ0+6zyQAf1FWJEEM7AZ\r\n9RRIjTwzoAMvGepwM8VyR3OqWzM7Q4CryyFGCtGRk+uRWpeAbBxjg9PpTdPtZzOS8pcbCAoGFHIq\r\nxfxAFUJGenPFaVWlIypW5SpaKBjv711FneS29jDCpACjt6k5/rXOxqItzEHCAsT04AzUWn3c89qs\r\nonGe4Pf2qVrqVK2x18d8W5ZuaW7htNRh2XESMf8AaH9a5ffOzgsxUD0rXtrrCBXJbtmjbYlxMLVv\r\nCIVGmtHVCOsbf0rlbizuLaTbNGVOepr06Ri6FQwdfTvWLqFrIqllQSx91PWrjU7mUqSY7Q002DTY\r\n/MvLff8AxKT8w/CtqKfTI13LdRE4ztGK8/nsbWRWlhJQjqnofpWUQYmwetbqba0M5KxtandLd6hJ\r\nITwGyPSt3wysVzc/aFhwsXGSOM+1cpa21xeMF+4nrXX6fJ/Z9ulsqkYGcdz9ayqPQummzcuTNcvs\r\n3kL+lR6f4ftbxzJesXVTwinA/GqK307ZKgDjqeOKVtXayiO1w2/nj1rBGrWhtXvh7QHh8s2MefUc\r\nH864rVfDq2h8u2uJTE5+6egq22rzF97ufxNZ2s60ZIVjV8uWycelawbuZyikrsZ/Y1pCoaRyR6k4\r\npJLXRgvNyFPs2arQ3EUi/wCkAutSMlsBugSID35NdLZztlC6hjjy8EglT1HX8ak0dBLI7vkBcDI9\r\n6tJcRRKS6g+uAOazP7QkjkfyAERjnbiofkCdtzcur6KFmSGNUXGAcfrWVJcBskH8arSXTXAJkPzf\r\nTFV92OBRq9ynJdCSaUsNopogbaCxC/XrVuxtom/ezE4HQVPM9r2hBPTmto09NTFyKKRw55kbPsKt\r\n2sdpFOssgMijnaaieSNAcRKP51A0m7PGBVWSFds1tQnFwn+jAKG9OAPwrEdHRyGUg05ZGQ4BOKeZ\r\ni33hnHrUPUZAQw6ilCMRT0zLJ93irkI25AwKSiBQMbhSxBAplSySEkgdKiqWMWp4raWVdyJkVXrT\r\niuxHYGLIBx075oQFeCHzfmbAGccck10mi6Xb+aJJUA4/iGRXNW8xhkU5HHPrWv8A2tO0eACo9T1/\r\nKrjYl3OivpbeOMoIoinTBUCuR1G2geTfAAmT93tTbi/kkb7xxVSWUuRzQBs2tvBbQg4UuR1PNV54\r\nHYkrOo9sVWFyWUKSRTJJSOGyR6irurCsx7Qy8gyIfrVZoHXqv5VJ5h/hf8GpN7D/AOsanRj1I2co\r\npRSQD1pqRs4J6AdzUrkOPmGfcU1QC6q7YjqWhpkZTP3ctTelXJrsY8u2QRp69zUSxEnLcmko3C5E\r\nilugqTZjq35U52CjGfyqLluvA96q1hDBTsgKR1NNBxRUFCg80HpSUUAFLSZo3fSgBeKOPSjPsKMj\r\n+6KAFBA6CnpIVcMDTMr3FB29s0DLPmbjjIPpTd5HINQbcLuzzRvancLkrYbkjn2puMdGNN3/AFo3\r\nincRIrlf+WhH4UpaM8sQT9Ki5POOKlhAHPlFzVLURfsbWJYvPkCsW6K3ShbsxowiVUGei1AkNzcM\r\nFwUX0rUhs7Wzj3TPvb0rVLsIz4oZ7t8tkj1NXXmhso9sYDS9M+lV7vU9ylIgEX2rKZnkJOTUyko7\r\nFItyTliWZiSaqSyF2pik596G+9WLdxnRNpUcmlxyIuJAPvDv9azI7iWzk2uMr6HpW/p97KNKUw2x\r\nljjX5mrHvVkvV3xWz+ucVEZNG8oprQsRva3S4HyNTxaXMZ3QOT3wDVuzsbQ6QqTRYmxw44INZSXU\r\n1o5jdzjs3pW6mnuZuLRo2+oyRErcwN/vdD+dTu9jfqVaUCQ8Zbg/ie9VINRndgkgDDs2MitNNPE4\r\nEklsir1JHH6USLg7meNEdYSzyh0HQryQKjSCO34jt2kb+8TXTRS6daKIo4zLJ6ZwPxrROg2mp2Za\r\n4k8huoMfWoujS1tTjoUnbOGVD/sjc350yVLe0G+4YyP6Mc/pXYJ4Wtooyp1Aoo6cDcahi0DRLW5E\r\n0vm3khPHmHI/KjmSIlqccJbi+YJbwuy9lRao3f2i2mMM0TwuP4XGDXr0MlrbWu+C1jRR/DjkVwfj\r\nxlvDFdAYdflb6VHPcXK7XOReY9uT60izOqMnBDdeKiooMbl2wNw1wog+/wBhmusjivLe1W5urcrH\r\n03LggGuV0jP2sHOABXf2kpHhW7eU8MSVzWido3NoamatxZ3KjBjLe/BqrJokuoXKPYiNZVII2HPI\r\nqKxWG5USOF3eoFdX4XlAtrp4AiyMpSNf4gQef6GhtNal20OdvFzJkjDDIYdgRwR+eaguL0WlsMKQ\r\n8vC56Hnk/SsvWjcW9/Ixd1kY7m5I+buazFdnkJdyzHuTmuX2VmVOtpZHZ6Y9w98rzqsYZWCoOp75\r\n/Sr95BuZJGPGRiuc0+7YXkd62XWGIptJxnt/9erVx4oDSJG9rtC/3Xz/AErGpFyloZQnZE+uutvo\r\nc7DhpCI1/Hk/oK5jTJnLfZxyrsBjP61oeIb9b21tVhBEYLM27jnj+n86p6XHD9st9pJkBLNntWtN\r\ncsNQUm5m1I02nIIrh1kjPRgfmHsarS6lPARIMtEe4qHW5WmuOW4x2rJjmkjUqrcdOaajfU1lU5XY\r\n6yx1xHYZcBq3Ib6OTBYKwNecSS7gchc8HIHSrFle3asFickHsaTp9hKqnozu7vSLLUsyRYjmPcf1\r\nrMXwZqbSAyJGsIP+sxkn8KXQtUdLxFulK7efY128XiCBYd8jqFHUnpVQg+oTl2OZj06002PqDIP4\r\nnrn7mSRLx70z+YRwqqOKh8Xa1LqWqM6ELbdEVeh9z61i/aW2/wCsYdqSgL2iWhpPrN15ePKKtngm\r\nlitLu4gMu9cdcA1k+fJIdrSFhnOPer1netGTGz4T0NU42Ep3epUmmwSCzM1V5VlBBdWHpmpJXR5D\r\n5abV/Wr1tqarGY5Iww6A1Wxn8T1ZmpMV4PIqdJ1bAwR9KmSSyaUmeLA65Wr/AJ2mmVJFRY9vPyj+\r\nlNaitYz2jmYFtjMPXBqmYXeXYiHd6V06araOrAPj2YYqjFEkkjmOQNuOfeqUewmZD2txFgvEwH0p\r\nFjIbJBzWpeQTLhTcDb7tzVBo0BIecY9BzV8ltyG0SIqbcyzhR6DrSGS3/hDufU8AVEWt0Hyqzn34\r\nFRvKWGOAPQVXNYm1x0jhjwuBUW4UhJNC4Lc9KzcrlASc0bqGx2pAcUgLtpdQxRMjqcnuKa9wjAgE\r\njNJbrbN/rZAvHoTSMLbs36Vd9BEBwfU0qhdpyTu7Ckbbu+U8U92x8oUZ9akCSGWGNyZIy30OKjkX\r\n5yw6daiIweaUMQMdqVwHxlYzuPJ7CleZpG3MfwFMjCmQbulEhDN8owKdwDNJnmkpKVxkgfNLvxxn\r\nIqKu28KT6RBo8q3Nskt0xz8wzxTWoHIcNytN211z2WiTyM06fZyecxnA/Ko5vDdg+1rXUxhuzjpV\r\nWEcrlh0JpdrsOV49a62PwpCEZvt6yYHJAwKwLm3SORlL5KnGQaaiK5SXbHnPLU1pCe5xUhVN2FyT\r\n70jIO5yaLBciz6DFJ9akYqPr7VHnPNSxoSinnaDwM0n4AVNhjaBSge4FPCp3aiwEeKMVYAhHqadu\r\ng9DTsOxV2mjaat74B2NL5kHZSTRYCptNLsNWPNX+FFH1pCxIPIosBXPQUlSYHc/lT18kdVJpWAgo\r\nq0HgGP3ZNO82HtFRZgRWxGGBI+lWUnjj5J59qktTAwLeUM1ZRbRs/wCjitoqSWhLsVG1PAwi8+tV\r\npbtpeWJq/JaB+UUKPQYqF7VI/vhv0ptT6hoZzMWNKjY4q4sCs2FRzVyLTFC75CqD3NYtWKSbMXBz\r\nxTwh64P5Vqs1lDwFV2HpmmNfRDgWyj8TSsOxZ0y81G1s5EtrdpEbr8uQKVNR1lbbYkDBPUJWpp+o\r\nGLT22xKu73Jqq2tzRRbVjXHsKVjXZblKPUZVG2SN89eneqd7I0vzLG478it6KffGHMaZb25rNvZV\r\nLEHcD9cVSiKWxQsrowP8yFh29qtXGt375jjconTC1NZLC78pk/WtE6fAn71VUnrhsmtOV2IRhW93\r\nqCNui8xjnPTNdXoutXk0ixTW0gYAkEg4OPWqltcSLIE2RAZ7Aiuq08tsDBU/BaycWar1KFxeGKaK\r\neJJ2SRf3ilSSD7UXUzJGJYxKR/CRGQfoRWq8s7zZAUhBgAJSsLuVlEhCKe+Kh3RaMuHWmjgIe3nb\r\nd1HlmuS1/UHvHaOO3kRc8ZGK9LaCIWx3uzewGK5HW7O3Cs4DL+JqE0tx25lZHDfZ5j/yyb8qd9kn\r\nPSJ/yrdW3g6kSkeu/H5ZpTHaHGDMPq5qvaIlUDJtobmINtgkJb0Bro5rzUptJFsthKBjHI4plk8U\r\nLMInYH/aya6jeZNHM6Nyo7DvSc7o0VPlOCWx1dSvl2sqFeRg10GjXl9ZSJJJpEhdTncp61Zt7maV\r\nlJkIHsK17C5ufszTRRee68CPBGTnGT3wOpxzxxSUmxOHLqc7r0ttq2vOZLdbWaSJdq3O7DEDgAKR\r\ngnnk5yawr+20+0vPsjuA4A3TW5JCE9irdcd8H/CtHxkbi41UJK5kmSIeYSoUJ3CgDpwemT9TWVpe\r\nmNfX0Kff3NtIGPmI5AznvjrTW1zGSvokW7WFrazaMGOVpXJzu+XaOAeex5qhJbZYtwQDlijBiPqA\r\neKuXly8d0Z0kVHR9ybAG24ORgDjHTnpU+q+IZdUgCpbQxvkO7hR5hIGOD6e1KN9zNxsVH028vreL\r\n7MgZI9wJyByfrS2Wk6jb3KyCAN6gMK2tD82DTfLlUxbmLgOnbAGee3BrSt5WaZVUx56/cFZupbQ2\r\nhT6nKalY37XDFbWQj26VUGnagQB9jY/hXd3Mkinlo/oIxmq7SsRyFP0jFCq2LdO5xJ0nUD/y6yU8\r\nWV/Z4YW8quO23IrsDK+MDYD/ANcxUBijfjg8844/rVKqL2NtjlpZtRk/5ZOvbhTT4rzVIk2FXdP7\r\nrrkV1SaekzAKv4c1bi8PyMu7AJ7fKatTvsS4W3Zw17vuWV1tnjI6qBx+FVfstw3IgkP/AAE1215b\r\niF/K2IpHYg1ALi6iXZHKoUdAAAKXtA9lc5D7Ncqc+RIP+AmkEM4/5ZP+Rrrmu7ojG4g+oxUAmvG/\r\n5akflTUxeysc8IJTGcQuTnnio/Ll5Bif8q6BproNjz3OfTFMEtyzHbM5/EVXMS4HPusgwCjD6inh\r\nXwDg1szW7THMkjMy+rVAbUbsZ/JquLRDi0ZjrJnIU0gMo5CsD6itNrRjzjI/3qcliXA5A+riq0Js\r\nzKfznOWDE+/NNEcv9w1ryaeE/wCWg/76FQm2QYy3B9GodhWZmmOQcFSKbsb0NaZt19wP96mmFBjJ\r\nb/vqlZBZmdtPoaNp9DV8wRnox/Ok8mM/xH86NA1KO0+lBUirvlQ9Nxz6ZphhjzwzfnT0AjheFRiS\r\nJm+hxStJAfuwkfjVy2ij2nKlj7GgxRkHgj8RVaCM4jccqpApVBXJZc/WrLwAt8rECnrCiNtd2z7V\r\nOgymcN2FMKkdqvvGikYdifwqM2+edzZpOwiptb0NG0+hq35XzY3mlMAxkSGjQZS2n0owau+QD/y1\r\nNIbfHSTNLQCng1p296sdoEBCsPzqIW5x/rKtRWKGEkkE1UXqFiA3+4YJOaedSbZtWQhem0U86fgZ\r\nGDQdOyuQBVXETW2ozR26qSZIZDhv9msqVhFcuqtuXNaUNnKYdsbBRnLe9Z8sGbhgnAB70MCIzEHi\r\nmNIzdalaEg9jTDGR2qW2BGOac23+GgLn0oKGpGG36Uu3HcU0U4+lUkIQKPUUHHHNKO9J360ALhRx\r\nkmnfL2XP1NIwG7qKTj1FMBSR2UCnCMsucim8eoqZWxGOaaQEW0dKUjAxmjPNOi5lHSnYQmwHgnBp\r\nREPX9KnORn7tMy3pVcqDUaIx60vlg9zTgHY4AyanjtJ26jAp+6hWbIVTaOGIqWJZDnYGJqwIooRl\r\n5MmmHUBGCsK/jS5+xSh3L1rYyFPMlkIXuCKmaWyijw0Qd6zFu5plO9mA/wBmmxE7SSR+WaaTe7DR\r\nbF2S5Enyohiz6Cs+a1kLEli341OcjqF+tI6SsuVnfb6E8VXKgu2VPspHG0ioXjK9Qc1YMcuf9afz\r\nqCRZOhYn9ahpAaSXYWzSPdjAqq0LznKqcD3xUySxm1VfLUNjk4FRCOWRgQzL9DUxRpJmhFJLHbiJ\r\nmOBSrHH3i3N1yaSNG8kAjPvT0V8EbePrWqSJ1YqqVwRGq/ShrjyxlpG49OlORGZgCDn0FWYrGSQE\r\ntgD3FTKSRai3sQx6o7JtVSx+laFp/aNwuFleOM+hwKkiigtY8uFJ9Tj+XemyX0r4WJSB6nH6Vzyq\r\nX2Now7mlDK9hHlp5CW9WJz9BUcuqTscq7AfU5rMDSL8zs+TzyTn+dSBpH4MjKPYf/XrNmiiacWr3\r\nS8FCw98ms7ULg3koMqnA7DiiO4eAgBpGPrmobm5nmbkMB7Af41m0WkV3hif/AJYs2P8AawKTy7eP\r\nA8kg+5zTwAR8/n59sY/nSssjSKDubbwAW/zioaLQQLiUNHFgf7RzW2l4Y7J4GXh+4FY6BwwKw4Hr\r\nnNX1uCbbywT1+7zVx2B6j444tu7MgHoK1dNF0LOaW2ikZegwvzOR2HXHpntzWLvZVzlVPrXY6bdS\r\nLpsJkt3gwoUK/BPHXr0+tTJvoZz2OFv/AA9rup3ct2dL+zrIQQjMo2gDAHJyT7nrXTaHpqWcdtaR\r\nxN8nzncoUjI5bPb/APUOeKvzX8x3KHjz2VuB9M8/yqKC5ufJlFxAsWWAUpIHDLj2xjnsazbb32M7\r\nWJbrRNBuJN72sLyYxvBK989sCsO88K6HFexl96GTIjWRso7emeufbP51sC4QHlhtNNnkt57Z7e4R\r\nZoJOGQ/zB7EdiKfOLlsZOpW0VtaW0DStJ5OQDKxZtvXqO3pVS0SEyCQIAVPckfpS3lvcJKkcji4g\r\nUHybno5GfuP7jr+Oamt1iVAAJl9wOPxrN3Raeg+aKOWQMwUfU1D5CEHBTPTgE1acIRlt7Z9OtIph\r\nUDEUpHTAQ0DTK62at8plQexH/wBep1so0I2lD7hakPkFiRHICeeYyKQyFWARGH+8OKaHckjCQ4cE\r\nEjoMYq2NYkiUAWzn3B/+tWVO0zLgvEp98f41T8qc4xdW4z33f/XrSN0TJJ7mjeot45lf5CfbNY7Q\r\nwLLtzkjuR/OrIaWLA82KX/dI/qarvPH524owPouKdmNEL7FUlSpGe3FEYjZCxJ7jGeKdJco//LNy\r\nKru0bLxB/wB9EiqSJbIZPKU4Bwe+TTRJAkYwoJPc1IVtCQrRtnvk/wD16rSeUuMKoK+uDx+VWkZt\r\niu+SfnTnoMEVCUYneAMD8hRIYh0AP05pizKMAHB6cirSsZtkySggqYwT6g1DtAfKkfTpQLhQeXJ/\r\nL/CmGVZHGJAM8AZ/+tVaiHyKB3Iz75pvlhiAFLfnS7gqn5jgUm+Dhmkc+owB+uaEIDEW5IQe2Tmk\r\n8oBdwYZHrkinpLAc8sc/jTDNGM4d/bI4q7CIxbszHBQenIFMEZGMFc/Uc/rTmlUsfnYDuAKifZuJ\r\nDHH0pNCHSx7uQq/QkVHsCgHbzT0dU5DhfqopzSIwOZVz14WkA+0MmwmMcfh1qTy7kscRD9OaZayn\r\nay72x14PH86cGbcfmAHrTGQSJKrZZVA9zTyyMBwjEd6heTbIcEt9DxUkcwXIEQI9aQhjLukKiNQf\r\nckU+NWAIMYPuMmlEoMwzGD7c5qRpSmdshUexxSAiCyF+FIP6UskcxwGH5U1XKkbdx9COlSsZDyQT\r\n7gGiwEBjK9VIppGOQwAqYyMvDBx+BqN9rZwxH8qLARZAbnn6Ct3Rb62htZUnjRyehbqKxBtHG7Bp\r\n6O6ZICOPcZNNAajalGsjbI129uKqz6lI3CkAf7oFVPOVjyig/iKRpAP4VxTuIsx6nPHld3y9xioX\r\nmD5YDBNQGRf7oP4mk3L2FO4hWYbulNZh6GgbSeMU1ifrRcAO305prHNGfXim5pMBoznrQSaKKfQB\r\nQeKbnkUUUDHHOetKCfX9KKKYg3H2/IVMGOwcL+VFFNAM3Y/hX8qfbkNNgqB9KKKOoy79lDNjecVN\r\n9gjQnLFsUUUNlpDZSsGFVBkjOarSTSOPvYHoKKKSBjPKJ5Lc/SnC2z/H+lFFaGZLFbsPuyAf8Bqw\r\ntm6ZxMp+qf8A16KKLspIsfZJB/y1T/v3/wDXqQWrD70in6L/APXooo5mOyGPaoc5x+VMls4hHnH6\r\nUUVDkykkSQWCbd5bI9MVKYAo+U4/CiipUmXyoX7CWxmduR2App0wfKTcSEH6UUUOTHyos28KwnAL\r\nH6ninyyyMCFfaR3IBoorFm0UVgmDvZi5681Ml2VGRGtFFJFFu4LTW6KSB3yBUcUBjOPNc/jRRSZS\r\nBm2N3P1NOac4+4v5UUUMBomJ/hXj61WlnO8kIvNFFQyiaJi7D5UHPpU6gCPcBznFFFMCGZgy8oK6\r\neKztNUsYbmSDYwXZjex6Ae4ooqJEyKn9iWW7Ajx+J/xqC8hsrUGJbd84++spBHfjrjpRRWdyWc5N\r\n4keKRkEMjgdPMmBI/JRUEOvzm4yysTIB0k4Az9KKK2UVYw5mdA8pYBWyw4bk1biwVAxxjPU0UVz9\r\nC+pIR2AAANTIAB91fyoooQ0EgLHsPoKozBgpJfJyRyPSiiqRaKjqSjNnGPrz+tMaENtDMTxjqf8A\r\nGiitoiZnzMYrhgnQdMkn+tWbMiYkuASPaiiqJLbQqFHuPpUCw7gylgQOnFFFOJMiKa2Ubj6DPf8A\r\nxqpd2xULhwB7LRRVmTKTMyKuNvHHIpH3juOfaiitDMiLFcnAJB9MU0Sgvyg6UUUgJioxjjGM1Cqk\r\nEcqe3K0UUALsIbA2j320cjqQfwooq0IjEm7qoGfQ4oLORt3HH1oopAERYjJY49KV2Yc7v0oooYDI\r\nZWVjjvzWjHCSwyw59v8A69FFIaKs8KqzY/rVVjhgOeeetFFICRY8srb257ZqaJUMTbl3HnnNFFAi\r\nONV3cjNW0UZK7RRRTAbcIIwQeR9cVWkYAY2g+9FFADVZXUFlBOKUqn9yiigRAcZPHSnA+gxRRQAO\r\ntRBizc0UUAPZBwRxTGJBx1oooAbgGmleaKKBH//Z\r\n', NULL, NULL);
INSERT INTO `user` VALUES (2, '2019-04-18 19:57:48', '2019-04-18 19:58:50', NULL, '音乐学院', '三年六班', '音乐', '周杰伦', 'b222d8bab4e5b50480d3522d2b45d3e4', 2, '男', '631507030104', '631507030104', NULL, NULL, NULL, NULL, NULL, NULL, NULL, NULL, NULL);
INSERT INTO `user` VALUES (3, '2020-05-29 15:53:07', '2019-04-18 18:42:30', NULL, NULL, NULL, NULL, '外科医生', '3113cf3aa9e2c7362392393b0020cf33', 6, NULL, 'waike', 'waike', NULL, NULL, NULL, NULL, NULL, NULL, NULL, NULL, NULL);

SET FOREIGN_KEY_CHECKS = 1;
